machine_id,machine_type,air_temperature,process_temperature,rotational_speed,torque,tool_wear,failure_binary,failure_type,sensor_aux_001,sensor_aux_002,sensor_aux_003,sensor_aux_004,sensor_aux_005,sensor_aux_006,sensor_aux_007,sensor_aux_008,sensor_aux_009,sensor_aux_010,sensor_aux_011,sensor_aux_012,sensor_aux_013,sensor_aux_014,sensor_aux_015,sensor_aux_016,sensor_aux_017,sensor_aux_018,sensor_aux_019,sensor_aux_020,sensor_aux_021,sensor_aux_022,sensor_aux_023,sensor_aux_024,sensor_aux_025,sensor_aux_026,sensor_aux_027,sensor_aux_028,sensor_aux_029,sensor_aux_030,sensor_aux_031,sensor_aux_032,sensor_aux_033,sensor_aux_034,sensor_aux_035,sensor_aux_036,sensor_aux_037,sensor_aux_038,sensor_aux_039,sensor_aux_040,sensor_aux_041,sensor_aux_042,sensor_aux_043,sensor_aux_044,sensor_aux_045,sensor_aux_046,sensor_aux_047,sensor_aux_048,sensor_aux_049,sensor_aux_050,sensor_aux_051,sensor_aux_052,sensor_aux_053,sensor_aux_054,sensor_aux_055,sensor_aux_056,sensor_aux_057,sensor_aux_058,sensor_aux_059,sensor_aux_060,sensor_aux_061,sensor_aux_062,sensor_aux_063,sensor_aux_064,sensor_aux_065,sensor_aux_066,sensor_aux_067,sensor_aux_068,sensor_aux_069,sensor_aux_070,sensor_aux_071,sensor_aux_072,sensor_aux_073,sensor_aux_074,sensor_aux_075,sensor_aux_076,sensor_aux_077,sensor_aux_078,sensor_aux_079,sensor_aux_080,sensor_aux_081,sensor_aux_082,sensor_aux_083,sensor_aux_084,sensor_aux_085,sensor_aux_086,sensor_aux_087,sensor_aux_088,sensor_aux_089,sensor_aux_090,sensor_aux_091,sensor_aux_092,sensor_aux_093,sensor_aux_094,sensor_aux_095,sensor_aux_096,sensor_aux_097,sensor_aux_098,sensor_aux_099,sensor_aux_100,sensor_aux_101,sensor_aux_102
MCH-001,L,299.11,307.67,1570,31.83,102,0,no_failure,54.827,39.954,51.723,66.203,44.773,69.372,73.477,55.906,61.545,77.206,70.834,46.924,67.297,57.677,65.945,62.152,50.141,52.956,46.022,64.454,54.63,55.89,38.132,54.504,65.063,47.969,63.457,73.463,72.024,61.748,65.29,72.388,57.945,36.072,59.793,41.257,44.755,57.979,54.118,67.705,59.1,55.813,38.41,56.667,56.332,60.34,62.27,54.228,56.438,65.109,40.083,54.153,41.185,58.455,46.721,45.748,62.515,45.8,63.634,46.01,51.746,73.996,40.378,62.415,46.111,67.712,54.471,23.033,38.995,46.141,56.914,63.062,56.745,51.975,55.463,63.075,47.535,45.086,64.517,57.505,61.708,60.288,77.873,76.225,44.145,55.459,45.309,60.265,53.597,46.447,68.116,71.225,64.005,43.868,65.864,55.31,51.354,53.347,78.42,65.146,79.639,43.381
MCH-002,L,301.77,313.15,1620,49.06,165,0,no_failure,47.586,68.575,49.759,57.026,54.848,57.257,63.53,49.62,47.137,59.08,59.918,61.638,46.368,40.726,61.205,73.565,62.176,47.273,48.602,52.358,51.282,58.536,59.884,59.421,47.079,53.835,59.018,56.594,31.698,71.247,64.12,63.004,76.928,71.101,50.907,60.201,48.905,48.099,24.497,53.257,63.102,56.664,62.434,65.602,55.239,69.675,56.998,67.028,42.562,65.234,54.689,47.903,57.576,33.4,44.548,51.255,77.21,36.908,60.703,75.055,50.063,70.018,44.391,48.567,45.212,60.813,57.092,71.772,48.232,27.549,54.163,55.485,40.411,67.626,51.278,49.891,50.72,61.845,69.947,61.773,68.712,54.177,62.21,60.907,53.708,65.31,48.09,59.955,59.127,69.053,55.53,53.11,58.066,45.015,60.191,65.512,61.787,40.941,64.477,82.211,68.456,67.202
MCH-003,M,296.2,309.82,1254,61.37,239,1,overstrain_failure,70.125,48.217,70.767,53.191,51.116,61.215,55.667,81.352,71.163,64.497,63.504,57.537,86.028,60.321,69.638,82.658,64.243,60.818,68.586,68.636,64.695,62.061,73.614,41.65,71.545,67.485,62.68,79.628,76.485,63.695,70.071,71.406,76.349,28.566,42.429,51.562,55.466,69.751,75.492,53.938,61.819,51.563,59.699,39.5,77.76,71.773,58.196,77.589,80.685,46.309,48.239,66.985,45.476,72.601,52.022,47.122,58.29,43.183,40.887,66.384,49.53,65.039,65.671,53.665,78.248,76.666,67.388,59.271,50.177,60.176,49.313,46.198,61.631,56.016,58.238,46.022,49.809,71.359,90.28,68.584,51.674,73.169,56.736,63.61,43.662,47.897,51.309,63.91,78.006,63.224,59.29,77.373,59.609,64.569,69.975,59.894,64.432,77.319,45.707,63.755,81.674,48.852
MCH-004,M,296.15,306.4,1478,31.26,27,0,no_failure,56.22,47.023,42.549,47.543,59.577,53.503,55.555,73.927,64.358,59.915,66.39,58.008,63.907,51.481,55.003,44.311,65.324,52.047,39.143,60.402,67.756,54.747,49.062,66.606,59.464,80.069,43.295,78.366,67.853,60.526,59.855,66.798,75.411,50.033,47.115,49.833,67.244,57.445,74.715,56.397,52.392,62.592,46.208,85.58,51.606,75.61,62.597,66.993,77.928,71.059,47.572,29.604,39.545,62.727,44.867,58.604,59.396,46.655,58.715,69.015,54.985,55.923,69.159,54.009,63.284,65.105,65.326,45.193,33.756,60.054,56.755,65.351,41.613,58.762,45.87,46.393,59.233,60.604,50.513,68.684,64.86,70.169,72.693,37.938,47.768,58.742,59.745,46.27,58.176,57.772,68.679,57.223,51.094,44.572,58.881,68.9,73.735,43.412,61.517,67.871,67.175,49.24
MCH-005,M,298.51,308.63,1581,43.1,186,0,no_failure,55.108,52.491,65.695,46.852,49.122,50.899,36.601,59.445,51.375,48.738,58.203,60.948,55.057,60.016,55.602,74.878,58.166,43.08,35.97,61.296,51.719,45.985,45.368,49.545,55.524,54.885,65.589,53.38,66.692,61.18,63.045,69.554,65.562,53.557,61.185,30.353,42.833,71.591,69.148,54.344,47.752,62.577,66.688,60.344,53.666,52.241,57.134,52.353,62.934,78.863,52.71,48.524,50.897,57.159,36.743,62.98,61.454,63.872,69.365,63.977,62.886,52.467,58.787,76.87,63.178,53.814,64.535,66.212,62.818,49.978,69.263,66.158,43.973,56.705,65.279,58,57,63.571,75.944,74.784,57.139,70.38,80.395,58.221,35.211,65.317,50.164,69.951,47.875,60.208,63.763,57.85,61.217,61.157,41.107,47.081,65.265,66.242,48.068,60.266,65.767,56.125
MCH-006,L,298.14,307.53,1514,47.36,104,0,no_failure,53.362,64.5,47.366,37.834,45.428,68.049,54.481,50.26,43.117,59.579,66.319,58.571,64.965,62.588,61.112,64.433,39.855,63.092,46.34,46.548,66.654,71.766,51.502,69.973,53.957,48.874,59.336,68.492,57.201,70.802,49.875,82.532,58.103,44.897,60.638,63.987,26.825,43.596,51.435,66.321,43.486,53.674,64.398,70.105,61.536,59.433,74.784,62.452,51.396,57.235,53.295,60.427,40.343,61.604,35.36,37.395,46.987,51.255,69.63,79.346,53.351,69.697,55.945,56.478,58.794,66.809,70.847,51.126,53.106,62.898,52.836,53.216,55.188,43.868,40.821,59.776,52.367,56.492,81.636,64.836,55.947,59.134,62.26,80.622,47.321,48.703,41.823,43.171,44.706,54.379,36.653,59.035,62.157,66.444,49.73,55.841,63.981,59.992,74.501,63.915,73.708,44.606
MCH-007,M,302.31,313.43,1568,44.91,89,0,no_failure,63.074,57.831,52.771,55.06,45.275,62.105,66.603,60.597,60.475,56.548,64.741,84.898,64.519,52.206,60.612,75.126,49.3,52.933,34.832,64.883,54.988,53.386,56.129,45.021,68.733,47.723,59.987,67.403,62.679,67.183,89.21,77.696,67.253,69.798,47.41,55.206,58.205,54.164,46.357,59.655,66.053,65.894,62.159,43.267,65.495,56.788,57.374,58.027,74.04,64.714,43.875,60.994,51.403,44.463,38.038,37.819,56.104,71.153,52.776,67.301,59.383,71.239,64.933,97.13,65.955,58.459,69.149,40.672,51.202,51.899,47.243,42.38,36.365,69.935,59.229,45.465,68.516,57.573,54.467,64.15,62.619,78.717,67.235,66.522,62.67,37.114,39.497,51.523,58.041,55.173,64.751,56.956,44.056,71.548,48.188,65.651,83.151,71.41,80.735,68.315,65.339,56.699
MCH-008,H,297.05,310.79,1274,65.2,250,1,overstrain_failure,37.667,45.876,60.542,57.921,55.831,60.643,51.522,78.382,83.687,60.867,51.514,66.259,67.316,49.408,54.933,70.67,31.116,35.541,55.32,69.209,53.104,53.963,73.126,51.994,59.602,63.329,51.571,55.311,74.665,57.597,80.323,80.283,61.157,83.802,61.89,56.936,64.431,46.139,65.412,66.741,54.087,66.83,71.382,59.047,67.106,65.055,85.444,63.905,55.509,91.431,61.583,35.547,67.057,60.975,52.442,78.492,57.394,60.792,70.154,70.78,68.32,85.584,63.703,65.912,70.811,86.126,62.851,55.612,49.284,58.179,63.738,62.412,56.748,65.816,48.597,56.624,66.989,77.595,67.747,69.265,46.567,76.173,71.01,71.017,58.026,62.111,48.173,54.438,58.583,52.38,53.806,55.984,56.48,82.964,66.25,66.435,62.088,83.329,66.586,64.074,70.18,53.035
MCH-009,L,302.27,312.78,1514,44.32,74,0,no_failure,50.867,51.193,68.368,58.652,52.802,59.686,59.121,67.735,56.661,51.481,52.945,73.444,69.343,46.97,67.616,77.959,49.884,41.07,48.675,59.13,38.979,42.526,58.585,58.12,46.438,57.227,63.767,57.726,66.434,58.847,81.023,68.617,76.718,62.84,40.898,52.931,48.498,75.135,61.435,66.629,51.554,61.618,50.989,68.153,68.149,63.2,54.391,71.103,50.783,64.285,41.246,43.373,46.278,71.301,47.224,69.817,58.292,62.182,46.335,59.271,58.361,58.407,44.796,46.242,75.852,56.353,74.221,59.956,46.936,56.153,32.446,61.198,47.284,69.648,53.966,40.692,59.842,58.889,42.375,53.655,54.573,78.619,71.369,63.373,49.343,28.286,45.809,58.906,64.791,49.029,53.587,55.397,59.238,63.437,67.269,59.124,54.552,52.991,61.671,68.209,72.13,44.722
MCH-010,L,298.53,309.36,1520,43.97,189,0,no_failure,35.036,62.368,44.145,52.375,59.156,42.987,60.44,50.515,48.296,60.058,61.268,62.824,79.217,66.36,54.968,59.91,45.503,51.3,48.497,45.569,52.629,54.403,42.366,48.36,45.476,55.625,60.181,76.351,66.391,70.868,68.757,68.635,65.069,34.343,49.637,62.536,54.604,53.876,45.771,55.876,62.763,41.34,61.612,64.373,59.491,63.918,63.671,70.507,77.219,60.362,52.026,69.865,45.399,67.416,44.79,58.848,52.981,48.424,55.538,59.618,60.808,62.293,67.607,55.855,60.843,73.382,70.23,54.027,45.704,45.651,51.549,42.51,62.226,50.187,56.904,71.132,68.259,68.616,61.45,68.443,70.617,54.1,55.266,50.8,49.019,49.878,35.411,38.385,52.241,39.968,52.55,66.635,46.381,53.06,69.702,51.503,46.836,73.677,68.823,69.827,58.61,51.801
MCH-011,L,300.32,311.17,1659,50.24,199,0,no_failure,50.596,31.514,45.57,58.475,46.582,58.281,59.114,55.33,72.66,62.158,76.47,65.338,50.705,61.959,53.47,74.382,53.756,43.409,63.174,45.13,38.125,43.448,54.594,61.306,61.694,69.817,55.374,64.997,37.57,64.61,64.741,59.34,72.236,53.173,55.838,41.76,55.689,56.511,71.576,57.037,56.078,49.48,56.752,48.848,74.986,51.985,70.546,39.255,52.249,71.589,54.164,56.892,58.485,60.95,58,53.59,62.872,10.893,59.721,56.418,66.582,58.883,59.387,46.303,63.543,61.784,64.952,36.457,49.314,50.597,56.246,43.685,36.556,34.957,61.606,80.264,63.145,62.488,58.643,51.156,63.3,48.948,70.136,81.299,50.607,50.605,56.215,60.494,42.459,53.403,58.996,67.003,61.691,56.817,53.134,63.261,59.295,58.702,52.369,56.554,63.894,43
MCH-012,M,297.63,307.83,1630,49.39,80,0,no_failure,36.724,25.351,60.315,31.043,64.293,56.14,65.479,59.762,46.547,69.303,61.424,57.619,64.27,69.871,61.798,77.307,43.749,46.115,62.693,60.424,61.599,56.893,57.472,70.411,51.489,50.979,71.589,79.725,84.645,64.526,63.625,49.586,63.456,60.794,39.858,48.581,55.538,53.034,47.368,57.56,48.605,66.985,45.46,50.035,64.839,60.72,54.409,59.432,51.988,87.297,54.697,46.854,61.177,43.876,48.972,62.888,57.596,45.264,56.767,65.008,80.386,47.754,43.456,62.21,71.898,55.826,71.481,29.125,38.977,67.196,50.746,43.179,60.955,60.961,55.301,65.239,56.306,74.303,53.596,64.14,59.236,63.468,82.648,55.459,43.472,54.289,53.753,58.932,73.071,54.747,58.404,71.758,63.607,52.673,62.246,62.317,65.847,66.527,55.553,59.728,40.276,56.667
MCH-013,L,295.85,307.16,1222,35.61,189,0,no_failure,55.282,48.828,63.767,44.098,40.897,35.356,53.421,56.314,62.611,58.93,65.682,58.979,54.988,71.892,58.724,46.501,48.375,41.641,52.284,61.448,41.319,63.878,51.382,51.173,68.947,60.111,52.538,70.787,71.848,57.561,58.03,69.863,78.329,64.523,54.514,52.788,51.265,51.685,64.152,56.868,42.058,56.685,65.348,53.126,52.327,49.028,73.943,73.394,48.86,67.698,33.826,45.972,67.696,41.085,49.731,57.244,50.054,53.538,57.053,63.739,54.494,63.128,42.029,70.385,70.89,60.288,77.436,44.317,30.781,46.252,48.941,53.673,61.333,54.82,42.223,69.965,62.795,67.092,72.701,69.042,58.912,69.919,76.789,65.5,47.371,51.666,37.223,35.243,58.758,58.848,41.642,47.316,64.807,61.78,66.032,58.952,71.036,67.523,42.819,64.571,83.134,30.962
MCH-014,L,298.18,312.85,1266,63.87,250,1,overstrain_failure,53.903,46.811,57.837,56.105,78.413,58.793,57.043,64.363,69.288,68.308,60.853,62.475,64.487,85.336,66.349,74.648,65.21,53.242,54.239,60.76,63.081,65.879,57.656,64.486,68.692,69.597,69.055,41.746,65.018,67.812,75.449,68.729,45.437,74.054,59.231,74.766,58.474,61.386,43.883,68.182,53.238,58.119,53.918,78.013,66.27,72.067,83.257,69.339,86.599,73.768,49.212,65.403,72.18,50.876,76.648,54.148,60.027,54.316,59.632,63.303,67.691,87.816,64.853,41.063,76.943,51.782,70.2,67.705,61.084,52.749,66.744,72.023,55.015,71.308,68.399,72.762,51.54,51.178,69.901,67.13,66.717,66.142,65.819,60.949,59.812,58.229,57.546,89.929,60.199,46.637,63.12,70.827,47.893,50.916,64.146,44.15,66.52,70.233,64.73,76.233,68.888,48.055
MCH-015,L,300.24,310.6,1465,57.85,115,0,no_failure,40.024,47.036,72.273,30.395,60.138,47.904,65.535,66.451,55.106,57.972,64.057,52.268,61.549,43.966,61.096,72.776,52.201,48.757,39.598,52.221,48.571,77.26,62.986,67.532,60.692,70.358,70.58,57.961,102.467,78.536,70.223,81.325,61.916,56.736,58.673,51.647,41.895,50.709,72.718,53.905,50.828,51.797,54.345,47.646,54.864,52.291,63.258,88.973,68.691,68.551,43.355,60.702,36.956,61.897,44.003,48.501,60.846,62.823,71.835,55.311,53.555,65.318,56.707,57.256,72.489,84.298,76.755,57.008,71.794,36.657,53.915,52.822,58.896,49.944,67.142,60.919,35.418,72.059,54.186,64.377,61.178,51.379,47.802,73.285,56.699,45.171,55.471,77.748,38.559,72.654,49.276,62.228,58.686,66.404,69.439,66.164,65.099,44.915,72.399,66.646,62.689,42.633
MCH-016,H,297.6,308.88,1613,68.62,134,1,power_failure,64.973,74.005,62.826,46.742,59.79,53.781,56.657,85.489,48.056,64.189,73.827,82.514,70.823,71.768,81.268,44.534,55.79,56.463,75.396,50.367,57.837,77.962,65.571,63.29,45.96,76.05,84.19,81.299,61.863,61.878,69.649,59.069,70.564,62.197,50.901,67.267,64.822,57.808,78.783,74.646,51.466,66.271,84.347,82.098,73.923,67.645,51,84.93,72.525,56.346,44.848,55.48,70.101,70.958,57.436,50.084,63.976,54.965,75.157,61.493,81.839,55.918,41.387,76.074,68.702,66.336,75.992,46.611,54.358,58.031,56.162,44.841,70.918,65.72,55.305,60.076,82.064,43.983,53.384,62.224,66.477,71.796,85.186,78.69,45.434,50.089,51.785,56.548,75.08,55.756,70.886,57.262,81.916,64.341,67.435,62.573,47.94,70.979,55.617,75.194,77.153,62.279
MCH-017,L,296.87,306.1,1448,47.21,39,0,no_failure,49.621,34.942,31.596,40.017,52.421,69.362,80.848,48.779,83.33,63.795,74.227,48.762,67.537,86.643,69.306,63.303,44.867,55.704,43.774,58.372,51.676,50.974,52.062,51.757,54.046,65.006,56.056,69.052,69.197,71.89,64.74,65.589,55.195,63.77,65.569,43.539,41.412,58.348,46.213,69.581,60.363,54.828,65.756,42.041,60.27,61.003,76.107,68.035,73.028,70.462,56.399,54.418,57.307,49.12,36.615,59.081,48.166,55.643,72.976,69.564,62.552,59.84,65.727,57.587,77.676,58.946,65.196,46.858,38.356,50.533,56.574,51.509,56.041,71.247,50.35,66.941,66.562,75.646,59.413,57.854,72.576,63.466,66.616,69.222,35.681,50.84,55.611,40.163,56.878,57.032,68.093,67.072,67.333,52.071,65.315,32.931,67.692,59.595,63.135,79.857,67.482,63.715
MCH-018,M,300.27,311.55,1667,30.64,115,1,random_failure,25.478,69.54,63.807,53.639,64.051,62.536,73.469,63.098,54.619,80.964,68.235,62.857,57.124,55.699,68.379,66.474,62.39,51.373,66.166,51,65.195,65.39,60.854,65.886,68.662,57.195,55.132,68.812,62.355,64.181,73.802,57.209,65.956,64.77,52.219,49.863,53.415,47.394,60.462,47.881,46.812,56.795,39.915,90.864,61.639,63.188,59.539,64.556,55.179,66.562,56.901,66.367,43.694,52.149,45.881,77.777,72.121,63.276,71.117,63.839,54.054,72.783,53.67,53.91,49.085,69.414,75.663,59.405,64.219,62.745,56.768,56.202,65.114,57.334,56.026,46.372,51.345,65.231,72.349,60.161,50.531,69.559,80.491,67.594,54.233,61.714,55.804,70.118,67.381,70.138,62.596,32.765,53.713,74.212,72.909,73.883,60.297,52.904,83.321,71.052,68.177,47.475
MCH-019,M,293.19,304.4,1441,38.9,0,0,no_failure,41.686,40.826,57.699,91.081,57.855,53.202,61.268,53.433,34.855,62.392,69.406,61.73,73.597,50.311,72.865,63.96,31.819,60.996,45.809,52.311,58.16,72.41,39.044,46.472,54.808,58.207,54.846,59.804,55.64,62.557,77.787,74.437,72.689,39.053,75.524,35.919,43.572,42.743,42.139,60.663,39.184,64.579,53.846,73.151,67.128,67.255,72.788,57.636,53.125,80.756,47.279,58.145,47.689,50.93,41.632,46.373,61.98,35.563,60.805,58.192,58.798,37.326,51.134,70.086,71.237,79.261,45.259,73.286,33.818,52.201,60.376,64.098,55.487,25.42,69.238,47.124,58.102,58.733,69.748,66.65,65.609,51.467,61.854,51.325,38.866,57.218,56.183,40.356,50.619,55.04,43.963,63.194,45.344,73.956,64.934,62.084,72.636,48.441,58.649,76.509,56.004,65.362
MCH-020,L,298.15,313.12,1261,66.35,228,1,overstrain_failure,63.803,59.801,39.646,71.346,57.731,53.593,59.487,70.377,74.54,60.491,56.321,78.634,66.932,70.504,78.138,73.383,59.691,48.171,45.138,56.943,50.348,71.414,58.417,51.341,58.637,59.562,59.464,43.949,91.82,56.836,62.051,74.3,67.483,74.225,54.65,64,44.42,28.715,61.381,72.456,70.812,61.659,49.037,67.792,80.183,57.419,71.397,64.348,95.77,65.693,58.741,64.148,65.526,47.357,64.265,80.105,47.456,78.593,60.858,71.872,68.17,49.308,80.924,64.179,73.987,78.942,73.999,46.67,65.821,54.239,56.097,58.398,56.196,40.537,60.5,51.647,55.913,68.721,86.238,63.814,65.322,75.784,59.11,66.098,55.684,45.941,74.143,52.352,82.797,61.26,55.678,65.079,43.964,77.361,61.07,88.173,49.591,62.074,66.56,62.738,73.949,54.559
MCH-021,H,299.25,309.18,1472,36.13,198,0,no_failure,42.846,71.856,66.594,73.705,68.695,47.104,77.534,57.492,78.998,61.895,70.115,56.808,63.598,53.663,64.16,73.096,37.453,42.056,32.019,45.249,59.818,71.779,42.581,55.377,54.141,44.436,50.304,46.782,61.536,66.926,71.572,65.757,62.42,37.04,44.205,47.76,48.743,46.548,38.941,50.77,62.552,68.403,61.84,69.985,74.217,61.444,74.968,77.419,66.353,68.076,42.845,44.966,52.73,59.34,43.015,45.273,36.291,52.829,80.083,65.158,65.701,67.17,58.268,31.683,55.466,73.419,56.576,47.742,48.82,49.047,32.186,63.151,67.543,49.041,65.535,57.766,64.863,71.081,55.428,62.738,73.81,66.274,63.237,60.069,41.573,44.313,58.159,71.042,41.927,53.533,44.328,46.7,59.638,47.267,68.184,56.375,45.932,65.039,54.369,64.614,57.224,62.023
MCH-022,M,296.65,307.53,1455,39.03,99,0,no_failure,25.951,48.79,61.042,52.895,48.844,62.806,48.632,35.416,42.703,57.146,72.426,69.797,54.848,53.611,60.871,75.601,51.049,49.309,57.171,59.999,34.947,51.525,77.632,71.739,38.527,75.098,63.649,48.888,67.888,54.503,66.5,68.731,72.95,51.235,49.011,44.225,55.795,48.58,66.995,58.716,56.088,51.384,70.611,68.718,68.512,67.625,61.27,77.945,61.19,59.615,42.553,59.706,49.592,54.228,51.634,47.232,68.445,63.787,82.356,63.173,79.567,44.488,63.588,55.886,64.967,69.381,62.347,53.61,57.995,56.036,63.509,42.619,57.917,66.204,65.19,54.742,55.752,54.403,39.698,47.779,56.091,52.787,75.794,66.255,49.167,43.704,44.557,73.092,68.253,50.599,49.912,67.913,55.371,64.856,62.768,58.325,56.654,45.637,57.71,68.556,76.451,58.031
MCH-023,H,297.62,305.77,1116,44.82,7,0,no_failure,60.828,55.784,44.031,50.252,43.908,65.93,70.299,66.777,62.462,64.341,70.848,65.088,54.418,42.457,66.489,76.098,29.437,53.424,41.824,52.245,49.787,62.236,55.408,45.992,55.314,56.103,73.421,63.929,65.751,61.756,65.021,71.359,55.888,62.427,51.867,59.431,51.979,56.781,56.499,66.517,54.259,46.471,57.223,67.933,65.401,36.833,64.423,56.23,63.369,70.466,61.485,55.997,49.764,30.9,43.034,44.409,53.815,53.704,62.865,47.079,71.273,62.935,65.622,68.973,42.105,62.203,57.686,51.459,49.55,34.819,38.987,51.061,64.428,55.113,70.104,68.171,65.384,54.528,68.566,59.43,63.446,63.566,54.421,47.788,51.729,50.338,43.107,62.494,59.635,67.423,55.117,48.281,34.331,61.448,58.464,56.893,68.055,62.307,61.74,59.912,85.196,71.076
MCH-024,L,299.88,309.27,1461,39.19,98,0,no_failure,70.93,48.435,61.378,46.733,71.66,63.736,54.445,42.902,45.133,56.345,56.05,61.241,71.463,85.482,63.786,75.144,58.773,44.955,49.508,52.272,47.687,43.143,48.195,67.121,52.244,57.31,53.181,80.996,56.682,72.252,61.95,64.403,65.63,48.196,48.74,43.038,61.973,54.08,54.019,56.553,70.726,65.974,75.132,68.395,62.59,57.894,30.959,61.536,58.764,63.986,42.245,68.316,39.593,61.518,57.059,59.915,42.794,57.971,65.65,70.962,62.031,54.475,52.955,72.129,73.918,55.268,68.423,57.091,52.081,61.409,58.344,57.21,65.651,58.768,60.785,58.567,50.368,90.713,51.128,64.761,64.791,60.731,42.442,78.617,41.808,34.7,49.67,53.296,56.119,65.037,62.747,68.212,54.669,64.918,49.827,58.689,58.31,50.236,56.31,59.727,56.949,52.955
MCH-025,H,298.4,312.82,1188,57.01,247,1,heat_dissipation_failure,70.932,65.428,67.894,42.815,56.545,54.795,67.153,61.988,56.152,51.294,56.433,75.97,66.383,76.602,73.839,65.387,38.747,58.38,55.58,56.138,54.69,64.387,53.786,61.385,49.046,68.387,65.061,64.729,58.752,61.985,78.791,71.316,78.111,50.194,45.647,45.79,48.963,75.552,42.428,53.559,57.096,53.323,30.96,58.516,60.886,77.209,73.447,68.279,72.975,81.736,58.704,69.341,72.897,75.878,59.14,61.385,60.017,37.914,80.751,63.368,67.003,70.827,54.709,44.546,58.559,81.768,83.356,51.783,60.465,49.992,54.507,64.622,45.805,73.985,62.162,71.088,59.043,63.834,57.976,70.256,74.274,68.089,69.474,73.844,45.888,57.43,61.361,42.062,74.899,61.151,52.959,59.424,59.518,70.73,64.884,63.396,72.064,66.424,55.844,56.195,77.34,59.684
MCH-026,H,295.81,306.7,1702,32.18,33,0,no_failure,60.283,51.568,38.66,54.546,57.731,51.974,65.262,65.98,48.603,52.632,69.669,66.433,67.978,80.771,56.783,68.127,39.616,50.562,47.537,44.155,51.05,58.316,28.736,25.211,65.109,52.032,60.755,64.841,65.865,71.166,61.945,53.964,46.389,56.529,49.161,48.935,51.456,45.071,58.145,42.376,49.547,64.886,68.275,77.567,49.361,64.599,67.465,67.64,69.638,51.035,56.961,44.933,52.485,51.942,49.801,51.005,68.38,50.166,46.396,67.43,57.116,60.745,58.213,65.19,71.23,82.141,61.774,72.11,53.208,62.139,40.323,52.865,49.077,65.954,66.213,56.505,55.549,61.415,82.043,43.555,62.765,47.987,54.011,79.466,57.987,46.285,75.357,40.208,52.159,39.405,49.991,43.675,50.819,60.855,46.974,67.251,62.002,68.719,53.391,54.402,50.59,60.445
MCH-027,L,298.47,310.45,1679,31.58,134,0,no_failure,53.922,56.228,60.808,93.574,64.263,53.719,49.468,62.846,40.087,69.542,53.954,72.99,44.549,85.32,60.195,69.839,42.863,48.425,43.346,54.829,63.224,53.64,31.104,67.414,64.823,55.012,64.067,57.273,83.164,44.012,62.156,79.715,61.103,48.368,54.018,69.584,52.592,60.13,69.519,58.589,68.14,60.607,70.572,65.494,69.007,60.038,39.339,61.712,68.827,68.188,59.394,65.784,39.907,28.165,58.078,54.59,51.283,47.921,66.513,56.926,52.62,78.197,43.915,62.482,68.948,66.878,64.554,60.206,60.848,60.274,55.037,67.815,58.593,50.72,54.858,72.911,67.236,59.783,73.814,39.22,69.104,57.596,66.822,41.9,50.9,71.709,63.575,38.457,65.995,43.764,45.821,48.199,53.839,70.298,53.094,46.016,52.242,60.778,59.31,61.56,70.52,54.179
MCH-028,L,295.86,306.84,1488,49.58,205,0,no_failure,50.364,51.909,27.958,30.631,61.375,48.477,73.017,49.679,56.811,59.554,60.47,58.853,74.916,58.155,66.899,61.023,68.082,51.122,48.437,58.337,65.941,56.525,61.569,82.247,40.911,62.168,59.743,76.486,73.17,55.996,54.794,62.333,69.628,34.737,51.55,52.72,36.931,50.83,72.779,61.324,51.426,56.304,50.904,63.025,44.26,50.89,59.094,66.586,67.954,68.454,52.94,28.125,49.466,50.719,42.608,53.503,63.846,55.61,59.647,58.109,44.389,57.352,45.532,66.482,45.459,63.203,62.829,56.54,70.378,61.391,51.796,67.979,63.607,47.98,56.174,68.468,64.154,59.177,36.028,75.068,77.68,77.241,51.192,57.936,61.453,51.5,57.442,38.531,67.618,57.488,43.873,55.717,51.439,79.474,69.777,65.876,46.998,41.144,56.401,69.813,75.062,48.671
MCH-029,L,299.92,308.39,1616,27.19,136,0,no_failure,35.784,43.178,46.356,45.51,57.141,60.646,58.494,63.544,51.425,47.304,57.664,53.545,43.094,39.753,57.244,58.455,49.054,38.629,42.238,49.475,70.038,63.516,59.611,62.002,64.159,41.918,61.841,80.711,49.588,57.384,70.905,65.779,70.283,58.214,41.829,66.947,40.368,56.785,68.929,52.092,43.796,67.708,56.456,75.037,51.352,58.632,65.095,67.118,73.268,62.236,50.895,52.123,49.113,41.72,55.468,62.857,56.393,62.87,56.715,63.013,44.854,51.074,47.21,66.661,80.232,69.806,64.404,37.403,27.557,43.727,47.502,39.121,64.342,24.851,57.005,51.3,61.481,57.091,56.723,62.745,50.273,65.233,64.858,63.963,59.172,44.014,61.661,51.387,52.111,51.464,49.835,61.556,41.58,63.643,52.081,65.926,76.648,71.608,79.643,62.235,77.998,45.355
MCH-030,L,300.23,308.57,1580,37.52,128,0,no_failure,61.618,58.807,43.495,49.061,67.592,60.99,42.17,65.178,84.162,66.008,52.427,46.072,63.364,44.189,69.687,70.621,63.168,47.206,39.427,49.387,59.589,77.618,33.603,36.993,52.916,56.294,65.133,63.497,46.883,55.948,53.883,73.746,80.752,49.134,42.414,48.436,70.319,65.623,41.691,47.429,69.686,67.372,54.738,54.435,60.59,59.855,61.802,59.481,68.712,78.621,56.793,48.585,55.172,37.094,53.116,58.214,59.259,36.789,60.588,68.086,65.121,67.31,60.692,42.97,67.215,80.959,62.818,39.843,41.355,35.593,47.506,62.966,53.87,59.107,55.715,65.786,44.931,59.785,68.095,52.703,73.034,79.083,69.026,66.854,48.324,50.116,50.393,56.577,56.829,61.818,57.089,61.152,64.957,62.616,60.784,51.049,56.108,61.915,59.869,66.452,53.34,66.37
MCH-031,H,299.59,308.1,1196,46.49,124,0,no_failure,56.713,62.785,40.085,75.107,57.442,55.082,61.184,49.938,62.98,58.154,52.35,45.484,51.093,69.849,55.11,66.589,60.014,63.223,58.248,51.219,58.931,55.471,43.96,78.005,63.525,57.599,62.641,39.192,61.992,76.334,70.12,69.135,66.885,33.393,41.046,49.02,72.525,66.064,72.404,54.123,55.82,50.024,70.223,55.639,63.759,59.592,49.963,50.273,84.304,68.788,59.755,39.335,64.18,51.906,56.834,55.122,58.428,49.036,80.878,54.442,70.133,56.946,77.943,37.885,72.203,60.233,57.011,45.819,52.515,37.826,64.198,59.645,65.758,43.879,62.182,49.053,56.432,62.031,60.063,66.591,69.108,62.095,67.44,75.029,52.57,44.798,48.783,36.286,52.997,48.985,56.516,62.476,74.038,40.238,60.442,54.718,64.819,32.511,65.299,63.312,68.128,37.071
MCH-032,L,300.17,314.08,1292,66.44,240,1,overstrain_failure,50.976,69.817,59.59,79.577,63.364,66.452,69.432,58.632,72.037,70.005,60.766,76.894,71.145,65.307,65.021,81.22,55.823,40.724,41.214,63.413,61.797,54.238,70.855,61.49,53.026,64.421,66.827,61.587,68.177,72.179,84.319,71.496,66.968,48.966,46.83,51.284,55.38,79.148,63.928,62.214,67.879,55.624,67.378,61.034,58.478,92.363,75.198,60.817,81.778,62.479,60.421,72.495,32.718,52.68,53.643,67.061,65.674,77.735,74.998,59.491,61.533,79.613,66.507,73.728,70.606,67.562,84.688,62.772,48.513,62.264,51.469,67.316,57.544,63.354,70.786,62.237,54.528,84.912,71.977,72.91,58.888,72.053,60.102,64.34,54.249,39.457,62.205,58.7,73.931,54.85,59.438,41.558,67.284,57.119,52.742,54.241,68.579,68.644,78.041,73.239,71.605,52.85
MCH-033,M,298.7,308.75,1671,30.38,153,0,no_failure,39.425,59.62,57.39,44.096,54.934,59.007,39.098,56.305,58.451,54.955,68.924,80.766,61.252,49.168,74.683,81.014,54.605,53.995,42.133,64.083,62.445,60.646,40.882,48.555,50.481,66.539,75.313,38.188,57.41,54.886,51.938,65.162,55.54,56.507,59.823,54.209,60.378,57.87,54.277,42.762,46.415,56.618,56.338,64.275,63.694,59.372,56.46,78.093,69.66,63.511,55.447,55.762,49.14,63.63,56.388,49.03,47.483,57.737,31.399,57.612,49.921,50.906,63.75,55.454,62.417,62.079,64.304,51.639,48.082,41.974,51.318,48.128,64.475,47.812,56.205,54.609,39.513,44.393,35.349,56.708,64.776,60.863,75.658,62.368,53.195,31.119,56.512,53.387,52.448,66.014,67.621,66.71,66.77,65.949,63.275,73.425,59.131,65.797,75.107,60.096,73.365,45.158
MCH-034,L,295.5,304.66,1744,43.39,41,0,no_failure,53.111,51.42,67.244,58.53,55.812,54.345,60.485,70.195,75.796,63.222,56.445,66.391,47.453,35.203,61.31,51.113,58.285,50.899,41.64,45.319,57.994,70.031,41.697,64.387,50.056,76.488,57.428,60.545,80.125,53.84,63.373,67.682,79.36,71.327,64.351,60.982,51.553,39.321,46.239,55.061,58.76,62.999,49.532,55.244,58.98,64.208,68.727,66.321,57.008,74.611,60.911,73.761,67.894,59.609,51.855,64.626,59.836,55.115,52.363,72.275,54.383,71.769,63.476,52.371,56.843,49.544,56.014,55.885,61.684,52.291,62.252,27.808,50.325,40.139,54.87,57.91,55.591,79.799,32.122,56.318,70.135,81.216,54.693,65,39.247,54.776,62.613,40.521,39.28,48.66,52.088,59.571,65.155,67.984,44.168,67.876,61.865,52.94,72.729,70.963,71.362,54.966
MCH-035,L,297.15,306.38,1382,43.03,122,0,no_failure,46.257,35.519,38.459,63.799,53.064,54.809,52.772,63.104,67.692,68.041,65.622,46.033,78.335,72.333,73.549,62.625,50.848,43.813,50.643,58.572,48.881,68.399,59.116,59.907,55.285,54.367,50.353,71.996,58.47,68.319,73.13,50.765,73.233,53.155,41.802,60.222,73.075,61.723,85.901,78.008,50.149,72.357,98.482,26.943,49.124,67.421,57.785,57.805,87.372,74.433,53.055,66.882,71.082,50.958,48.047,52.819,62.083,58.704,59.766,62.309,52.301,76.179,52.207,76.765,53.383,67.887,57.376,53.869,43.274,51.574,58.653,51.527,46.219,59.066,58.946,60.255,61.228,61.43,68.28,54.393,71.214,54.448,69.568,67.532,42.493,39.869,55.452,40.874,43.764,63.401,46.364,60.606,50.017,65.098,53.483,65.592,68.866,52.402,39.195,59.737,61.385,54.943
MCH-036,L,298.61,309.03,1416,50.97,200,0,no_failure,47.875,52.799,51.506,68.059,53.048,54.945,44.149,53.261,53.928,57.795,55.557,59.641,51.658,73.819,64.177,73.108,48.939,46.37,53.913,70.51,47.139,68.66,52.567,59.588,66.084,71.196,64.014,41.902,59.927,70.891,71.674,53.745,80.866,65.231,60.783,57.425,54.986,60.973,66.443,64.097,61.574,72.383,56.81,49.998,49.484,85.829,82.869,82.02,65.15,72.972,44.307,61.503,44.393,50.267,44.941,54.663,55.015,63.943,68.334,57.362,68.055,46.629,49.017,45.49,59.206,50.144,60.459,55.187,43.17,49.959,41.041,77.401,54.172,58.395,57.538,61.071,70.19,37.74,61.607,53.683,68.21,69.189,62.466,63.035,58.758,37.82,43.878,59.803,48.989,56.348,39.449,69.639,57.931,86.033,54.882,49.665,59.359,60.217,49.05,58.542,88.767,57.4
MCH-037,L,300.56,311.55,1563,32.09,20,0,no_failure,56.674,46.692,33.199,52.556,54.209,68.816,53.432,71.635,55.87,64.806,69.714,73.388,60.113,50.101,64.773,60.988,58.051,52.198,46.532,54.74,59.184,62.534,72.21,54.625,59.14,71.113,50.152,71.793,59.763,60.179,66.239,60.202,61.568,40.309,41.014,36.914,51.225,39.222,40.87,50.193,46.124,48.492,38.412,61.928,55.368,74.932,65.146,65.099,68.461,74.053,63.594,50.883,40.696,44.607,67.092,57.779,63.996,53.463,41.694,47.87,50.608,63.341,64.007,48.153,56.89,65.854,54.424,52.98,31.829,48.944,60.675,60.116,55.839,28.507,58.869,62.588,69.579,50.792,58.128,53.986,73.19,78.642,60.92,66.509,41.006,42.933,44.255,48.965,61.908,52.497,53.373,65.484,56.802,65.632,54.399,68.022,76.367,58.422,70.746,73.137,77.358,44.61
MCH-038,L,298.56,310.04,1611,42.75,140,0,no_failure,55.435,52.426,48.743,53.068,49.104,50.158,29.462,46.125,37.833,70.465,61.981,50.164,80.115,48.213,66.079,71.54,55.035,49.921,40.733,70.719,56.674,57.856,58.784,68.959,49.931,61.36,54.78,60.704,39.257,59.763,65.205,56.808,79.201,40.945,48.663,63.308,53.041,41.422,36.919,60.206,71.633,38.703,75.917,28.57,52.728,52.98,65.432,51.24,67.39,54.264,56.372,47.37,36.415,43.314,50.614,65.5,59.389,52.981,59.496,52.557,60.064,40.791,64.534,81.381,76.441,78.933,62.473,69.64,47.577,51.303,48.652,63.685,47.64,55.923,49.578,55.739,35.549,58.77,74.487,69.152,60.905,51.836,65.972,76.707,43.194,48.703,48.046,48.187,65.944,73.609,66.39,52.656,53.209,67.483,58.268,67.056,44.04,44.994,73.307,62.303,51.772,32.057
MCH-039,L,301.14,315.65,1294,64.64,239,1,overstrain_failure,45.774,65.837,47.382,65.422,68.19,55.575,78.939,65.168,47.552,55.704,64.408,59.271,83.4,50.561,74.393,62.749,68.346,40.603,56.233,48.103,65.628,75.28,56.017,49.799,74.386,78.644,58.213,65.802,101.476,58.025,60.959,64.786,62.996,57.38,47.332,62.842,50.363,58.435,68.554,63.983,64.009,73.083,62.569,67.553,60.093,55.412,55.882,48.977,68.04,82.886,46.16,57.068,60.095,62.625,63.881,54.072,60.539,61.888,58.35,60.039,67.194,60.249,50.616,80.264,84.717,69.365,58.756,55.387,49.118,56.441,46.875,59.239,53.081,70.803,54.462,59.604,58.59,53.463,69.171,75.581,69.834,69.77,67.888,80.22,52.146,49.047,46.553,60.829,25.113,56.484,68.008,67.544,51.432,62.697,66.873,54.209,49.964,80.752,56.928,80.608,63.025,64.188
MCH-040,M,296.75,307.59,1596,25.72,181,0,no_failure,59.199,49.408,55.273,44.311,50.823,31.687,60.886,64.27,57.656,50.73,56.101,49.318,41.417,69.065,76.558,55.095,42.639,63.252,58.496,59.923,47.756,65.405,44.323,36.924,50.185,59.036,59.756,73.897,58.001,66.305,61.986,66.162,84.979,59.575,45.416,39.599,45.689,54.628,54.042,58.948,48.795,60.724,51.137,70.797,57.013,53.774,57.299,50.149,69.547,57.831,65.279,54.883,61.585,37.547,60.217,51.515,66.651,51.479,70.204,45.166,44.31,54.26,86.328,47.587,70.236,56.322,83.435,53.261,62.605,36.561,63.425,67.694,66.169,42.528,61.78,63.767,40.925,76.199,61.179,62.621,55.135,67.122,62.182,71.761,50.603,52.252,50.727,47.23,45.718,51.237,53.25,47.266,43.903,65.624,58.728,69.008,56.494,67.211,45.88,56.104,62.453,37.812
MCH-041,L,300.28,308.37,1514,47.01,75,0,no_failure,42.124,35.227,43.284,59.673,48.597,66.739,65.669,59.088,77.591,62.269,57.788,56.701,54.155,48.347,62.254,62.617,54.341,50.152,64.288,46.893,50.431,72.62,50.202,48.517,61.026,48.416,56.121,55.162,63.718,50.234,70.979,55.524,81.518,45.912,54.704,47.765,52.75,54.995,77.895,66.421,74.592,52.396,48.036,47.407,48.89,55.477,68.593,67.67,64.492,52.828,48.016,64.693,61.917,75.882,45.25,43.63,50.398,61.482,47.778,55.214,68.129,61.821,56.254,58.215,59.151,57.854,78.352,54.384,48.209,48.32,57.286,40.083,57.632,43.171,60.697,54.785,45.398,74.28,54.004,63.002,63.431,57.375,61.47,67.505,47.493,58.609,52.96,39.928,50.283,53.159,68.399,68.686,67.31,35.522,59.378,60.26,58.418,46.48,54.644,60.031,81.687,42.775
MCH-042,M,293.88,303.26,1382,46.41,193,0,no_failure,54.427,52.005,51.259,52.938,47.133,68.047,62.044,64.839,66.824,54.848,64.836,68.482,58.96,78.637,55.729,81.733,59.525,73.45,55.29,53.729,45.812,51.532,41.906,77.083,65.873,45.81,63.829,56.585,95.037,65.967,61.526,66.018,69.605,43.034,59.277,62.643,52.359,57.752,54.933,55.919,61.054,57.218,49.82,95.675,63.637,54.357,56.691,48.841,74.722,61.849,41.485,53.271,43.223,35.305,50.953,59.963,53.48,48.881,58.903,62.465,59.926,70.836,61.428,59.113,72.305,57.03,57.886,43.519,68.047,46.134,52.32,59.161,40.195,58.924,56.015,73.756,60.129,70.471,51.439,69.58,75.73,32.492,54.692,65.603,54.339,47.054,61.03,65.494,40.64,51.464,49.227,68.747,63.352,68.722,60.288,56.389,65.647,78.159,64.535,65.911,82.383,49.563
MCH-043,L,299.48,309.8,1302,39.21,206,0,no_failure,59.454,49.757,59.791,61.747,39.418,51.941,51.593,40.267,50.983,48.635,56.521,58.836,53,74.739,64.478,68.42,68.907,73.561,72.917,55.918,54.108,53.539,73.973,61.589,64.2,61.043,51.501,39.519,80.328,67.283,64.68,66.514,61.492,46.94,43.924,43.032,38.548,58.273,55.19,58.812,52.814,48.755,62.184,62.457,54.146,61.241,62.76,37.818,54.585,72.431,54.773,55.021,35.743,37.812,60.522,50.53,58.9,52.221,52.898,64.105,59.218,56.863,56.852,57.637,50.581,81.574,66.433,39.004,62.64,46.83,59.697,59.385,48.273,43.053,48.959,53.039,53.042,43.026,73.702,67.622,72.417,66.611,44.439,47.507,51.783,48.218,48.154,50.611,64.541,63.99,65.339,62.387,62.293,66.154,51.093,70.476,70.047,70.106,64.788,48.278,58.519,39.555
MCH-044,H,296.8,306.52,1301,36.36,12,0,no_failure,49.616,38.223,64.59,43.693,46.351,40.586,75.179,56.496,59.792,73.672,54.006,66.988,48.296,39.952,62.981,74.924,43.82,42.588,46.512,51.056,61.972,49.182,77.365,48.785,74.361,77.249,56.428,68.169,51.079,60.521,85.096,74.223,69.093,48.26,41.973,50.506,52.417,51.49,58.142,59,55.945,52.944,68.835,57.679,63.043,65.611,52.366,79.183,56.392,50.651,57.006,51.277,57.73,42.951,63.924,48.291,55.511,53.009,51.495,61.59,49.384,55.148,51.826,57.156,63.355,62.152,66.841,48.98,58.01,43.166,57.696,52.734,66.016,45.852,58.442,60.553,50.188,69.549,58.292,58.978,67.151,58.202,69.709,67.787,55.616,39.822,45.129,48.545,42.669,45.099,47.163,53.873,39.159,46.197,49.785,78.949,55.914,64.521,60.886,66.531,52.349,47.336
MCH-045,L,299.59,308.71,1495,21.22,105,1,power_failure,53.165,50.216,58.806,65.613,53.635,61.58,62.15,71.048,61.534,75.72,77.622,67.527,58.767,90.734,64.557,48.354,49.77,56.688,54.363,62.129,49.611,64.716,51.805,61.796,57.766,74.217,70.003,77.566,74.037,65.319,61.271,68.601,63.493,53.366,54.835,51.425,62.437,68.499,67.806,53.318,81.627,65.361,71.2,68.729,66.776,70.962,62.871,59.201,86.863,62.685,45.443,66.193,65.39,71.181,66.295,67.932,51.898,78.03,60.985,60.876,56.129,59.562,80.796,41.576,54.56,79.695,66.513,52.129,55.827,63.63,46.901,52.14,71.705,50.554,60.044,72.372,51.454,52.688,87.782,65.115,65.027,64.668,80.241,77.558,50.406,40.65,51.551,67.051,45.666,47.793,55.806,58.608,60.315,63.408,69.063,65.376,63.674,73.489,64.672,71.432,70.833,37.263
MCH-046,M,298,312.4,1166,69.41,234,1,overstrain_failure,58.437,37.844,61.702,32.724,53.154,61.039,51.78,73.72,57.819,72.701,58.013,73.109,77.17,72.362,70.347,74.629,67.318,36.318,59.07,56.951,52.93,45.625,56.438,68.202,51.134,66.226,69.345,53.178,73.435,63.966,63.813,69.583,96.315,44.713,50.599,63.793,47.706,69.316,41.441,56.965,65.332,66.887,86.931,62.358,65.518,67.23,79.095,64.654,51.035,76.814,39.619,67.092,44.499,47.504,52.15,58.632,69.37,68.16,77.506,51.216,72.068,57.18,73.859,59.271,73.362,62.071,72.348,64.68,58.447,54.813,54.297,49.442,50.489,66.611,57.974,58.399,45.321,65.581,40.783,70.387,67.368,68.872,77.718,49.415,54.153,56.634,68.533,53.45,50.885,53.619,73.493,86.349,37.293,71.043,56.254,60.907,87.873,83.984,54.562,82.586,63.071,61.803
MCH-047,M,297.32,307.08,1404,35.29,138,0,no_failure,51.656,44.298,55.876,47.977,53.714,46.977,60.069,67.593,58.649,68.92,58.611,55.493,76.146,66.47,63.261,58.65,43.154,79.649,37.023,65.33,69.312,47.654,54.806,79.522,55.451,58.015,45.965,44.731,39.466,61.372,57.299,62.197,56.637,45.346,46.856,35.684,52.732,67.222,72.074,58.201,45.628,60.352,63.39,58.685,56.589,67.97,72.618,64.317,71.616,72.772,54.14,51.685,52.338,37.799,49.273,62.135,40.529,80.506,55.937,69.04,63.301,57.228,58.249,72.356,48.321,65.475,64.061,62.821,36.753,57.171,43.145,48.121,35.596,61.511,60.864,57.312,40.593,55.947,69.69,47.292,57.858,43.744,62.259,84.913,47.35,53.157,57.908,65.767,64.385,56.463,55.286,55.858,82.843,78.702,66.06,61.628,57.417,64.459,49.892,70.373,67.278,57.25
MCH-048,L,299.13,309.49,1311,38.42,115,0,no_failure,54.674,47.814,54.011,64.096,54.717,59.773,49.67,76.719,72.454,53.764,71.597,46.012,52.388,57.679,64.857,78.831,47.361,46.214,49.257,63.544,63.786,56.611,59.516,77.859,55.339,61.945,67.29,62.275,71.763,72.287,48.255,56.811,53.033,44.76,47.759,44.439,52.422,57.049,62.501,47.141,48.458,58.289,58.979,43.428,50.057,54.674,68.364,65.491,68.59,51.644,54.916,51.102,57.7,38.927,63.283,67.217,56.365,63.909,71.022,64.258,57.883,45.974,48.025,50.841,66.826,71.221,70.488,46.477,43.084,44.575,57.949,58.411,49.924,76.607,54.309,56.174,54.721,59.597,84.069,68.297,42.538,79.321,73.12,63.308,45.774,50.562,58.196,58.956,61.251,55.915,56.297,66.534,66.348,55.048,52.953,47.71,70.826,61.926,87.198,74.601,59.212,38.214
MCH-049,L,300.41,311.41,1482,36.94,48,0,no_failure,55.162,55.015,60.013,53.879,54.475,49.025,58.355,46.878,54.592,71.551,66.486,49.854,65.714,65.559,78.065,60.762,35.221,55.553,71.896,57.18,63.65,51.908,56.903,64.413,52.887,65.99,48.909,34.769,55.41,63.151,58.823,72.141,63.132,69.337,54.47,50.362,45.553,39.402,48.789,66.572,67.938,55.332,80.215,35.794,62.589,52.373,76.313,59.019,62.239,75.37,45.335,52.755,54.39,54.652,52.567,48.8,57.031,55.616,51.473,61.77,58.066,74.523,68.331,82.858,51.653,93.207,85.551,64.012,58.891,40.284,63.081,48.231,64.005,64.161,48.427,69.595,66.511,64.463,75.467,73.562,61.12,55.299,42.872,60.467,47.547,62.491,57.276,39.411,42.686,60.76,56.537,70.378,74.965,93.832,49.006,68.233,49.441,70.233,67.974,81.013,64.246,52.04
MCH-050,M,299.44,308.52,1399,33.1,163,0,no_failure,50.431,57.064,51.164,45.619,55.134,67.417,51.483,60.223,40.646,55.644,65.287,61.705,55.795,71.964,67.302,58.633,54.338,49.65,59.333,60.624,53.457,60.658,34.416,44.803,58.446,47.54,63.344,47.841,58.994,58.254,60.421,67.314,53.313,35.071,45.813,40.804,78.834,39.924,52.086,67.76,64.032,65.312,64.564,68.527,75.942,47.8,49.149,48.552,49.444,68.737,39.787,54.568,38.152,63.121,66.748,61.76,61.63,74.778,66.471,55.968,50.804,59.679,59.54,83.662,70.009,64.328,59.258,58.23,32.67,42.172,57.282,39.81,64.114,56.507,74.02,55.352,65.101,76.427,54.294,65.101,63.515,50.889,85.04,68.815,59.203,40.942,54.4,48.603,36.562,64.88,50.138,53.385,69.027,61.228,49.452,43.534,65.824,47.134,74.116,58.077,73.815,54.166
MCH-051,H,302.23,311.58,1687,45.43,185,0,no_failure,58.721,75.545,43.381,48.477,62.535,60.54,66.544,58.794,76.283,56.455,47.892,55.209,54.787,44.958,64.283,61.085,43.548,56.387,48.607,43.202,58.857,47.215,63.967,69.643,54.662,63.747,74.308,71.109,73.271,57.534,67.84,58.942,72.991,33.393,37.666,68.226,47.527,31.014,59.991,63.739,48.388,47.59,76.436,55.457,47.271,56.595,66.126,72.916,72.571,76.64,43.806,39.439,74.259,60.806,55.173,65.215,54.149,86.543,78.293,69.542,59.261,62.613,45.31,88.384,56.526,68.615,80.266,34.16,45.389,54.638,47.711,48.494,63.847,31.888,46.007,53.569,56.82,55.615,68.831,70.899,57.815,70.734,61.877,68.251,44.651,56.519,53.691,57,54.691,62.12,52.213,63.554,76.044,51.116,63.03,52.573,54.652,51.936,54.511,61.756,79.461,44.895
MCH-052,L,297.73,308.33,1329,53.84,68,0,no_failure,44.658,65.939,42.534,50.32,51.919,62.234,63.676,50.578,32.054,50.129,66.413,58.619,61.217,58.412,71.636,71.471,50.674,53.627,41.513,43.903,40.005,58.838,70.151,53.896,55.747,63.443,71.445,50.381,67.187,57.311,65.025,56.526,39.124,48.981,58.345,46.997,49.684,45.381,60.324,47.587,55.068,73.07,56.323,62.584,55.482,42.932,44.365,63.373,61.133,59.231,56.922,53.906,55.643,53.213,51.94,50.655,37.983,46.474,60.582,77.002,59.21,70.819,41.346,77.81,68.516,76.212,64.8,45.209,43.927,47.077,63.967,51.665,46.476,48.047,46.79,53.087,70.669,51.369,45.626,61.644,55.028,73.004,49.344,82.049,57.418,36.378,61.478,67.249,70.473,56.708,55.228,50.111,52.9,33.037,54.849,52.018,62.925,54.997,68.757,57.494,63.342,76.695
MCH-053,H,298.67,313.08,1299,67.93,246,1,overstrain_failure,66.956,69.254,63.865,52.244,63.982,63.873,72.668,49.704,84.256,81.93,69.72,57.525,60.679,80.578,66.754,76.02,51.038,66.682,43.997,55.318,53.9,51.046,63.768,51.008,62.236,67.058,70.276,69.426,76.753,57.582,70.245,67.673,55.044,57.992,59.008,65.171,40.481,42.813,52.15,58.766,71.663,53.449,75.149,60.851,67.31,77.77,70.014,72.205,68.784,72.192,56.831,54.435,42.631,64.051,48.232,54.266,64.239,50.642,77.851,52.618,65.793,85.826,78.491,57.091,58.13,76.183,62.073,75.309,57.484,50.872,65.764,58.946,72.205,62.389,55.101,57.97,73.409,73.459,55.839,84.263,60.192,69.156,61.908,90.709,64.502,48.708,73.709,69.869,61.508,65.351,59.93,53.139,67.458,68.697,42.128,69.834,58.054,78.816,61.366,72.632,76.987,46.786
MCH-054,L,297.2,306.6,1587,32.51,96,0,no_failure,53.826,64.826,58.962,50.884,50.02,54.718,56.536,50.419,71.427,54.163,62.656,74.463,67.657,58.985,78.282,58.149,47.768,53.544,40.7,59.243,50.315,68.065,63.037,46.539,46.091,53.226,42.489,63.458,49.889,68.135,61.599,69.964,90.658,48.499,38.94,56.139,48.448,46.117,52.04,70.011,67.319,65.218,46.102,44.998,70.609,61.028,53.863,48.881,49.016,67.678,62.685,33.635,48.885,49.008,35.114,54.473,43.631,48.906,48.557,51.514,62.503,57.359,71.626,69.964,60.758,70.928,57.554,39.224,51.762,51.723,46.405,48.358,53.898,64.485,78.661,62.01,53.274,41.29,57.818,53.778,42.753,74.232,42.274,70.697,38.632,44.337,39.393,32.616,35.923,39.796,56.653,47.801,52.233,53.623,67.478,52.988,70.163,76.443,57.269,66.629,74.125,50.755
MCH-055,L,298.91,308.71,1912,31.4,5,0,no_failure,52.957,58.085,45.338,23.091,67.57,58.647,47.38,65.423,57.056,51.117,70.136,60.253,70.284,78.398,46.667,67.861,38.195,41.25,58.64,55.274,44.051,51.949,52.677,73.659,45.837,57.178,71.095,51.591,48.22,74.276,62.459,54.615,87.264,49.524,40.847,32.301,60.699,44.747,55.843,58.309,71.834,79.451,61.262,57.043,67.586,71.062,69.188,48.412,53.016,74.586,58.671,47.34,61.894,76.136,44.026,51.169,71.245,57.867,56.132,63.391,57.47,42.313,48.192,69.558,76.213,61.767,65.033,38.276,38.34,51.601,66.461,49.481,56.976,69.038,65.413,60.479,45.844,54.225,73.781,63.956,75.235,58.815,66.483,81.261,47.864,51.23,58.965,74.999,54.1,59.962,63.882,62.412,56.486,83.01,72.368,53.486,65.301,65.425,60.861,48.479,66.317,40.023
MCH-056,L,300.2,310.47,1412,50.27,41,0,no_failure,51.85,60.744,81.113,66.111,50.565,48.589,60.316,60.306,64.147,72.037,59.42,63.253,80.236,73.836,64.949,60.267,52.428,72.882,54.528,44.628,58.727,57.949,52.856,57.657,52.598,57.444,56.438,61.261,69.525,55.389,53.964,52.95,45.844,46.206,50.9,42.236,54.135,57.808,58.476,70.314,41.402,61.86,40.996,54.145,55.37,56.097,65.843,70.786,76.193,63.877,38.411,42.065,46.546,63.516,50.936,46.991,47.103,65.917,61.182,60.04,53.331,49.091,60.949,65.407,59.459,62.012,56.998,49.455,43.107,51.085,49.797,51.196,72.105,42.847,63.495,54.529,46.012,75.825,78.105,59.925,69.563,85.389,75.683,57.493,36.098,46.283,47.655,51.811,68.249,46.209,72.459,65.494,68.299,74.198,62.379,74.017,60.069,69.046,66.074,74.224,53.533,49.274
MCH-057,M,301.22,309.68,1385,36.76,105,0,no_failure,35.898,58.588,42.565,33.947,67.909,47.011,49.549,63.497,38.002,60.799,61.286,43.098,67.866,79.499,68.528,65.491,34.594,48.933,58.914,65.088,39.059,50.789,70.396,72.62,40.376,46.459,56.205,70.112,51.324,63.753,64.13,63.633,57.878,26.618,62.772,42.958,67.374,55.874,59.7,52.225,52.187,55.231,60.791,51.068,66.176,66.049,58.942,54.684,66.097,65.569,29.157,46.217,47.079,69.951,39.744,60.838,35.762,61.792,74.873,62.528,67.431,56.74,67.611,70.404,50.427,64.601,58.27,60.648,46.904,52.72,36.386,59.098,48.436,36.226,62.408,45.046,73.641,50.996,72.713,49.713,58.327,67.126,78.604,57.931,53.675,51.95,52.83,56.648,49.603,64.171,63.048,74.851,57.222,56.547,68.002,65.328,56.669,80.402,69.805,69.474,61.026,53.59
MCH-058,M,298.51,308.89,1564,38.07,188,0,no_failure,42.629,55.79,46.781,59.133,41.122,37.873,71.732,68.354,54.06,58.073,58.698,68.13,64.701,47.903,67.032,54.64,72.398,40.794,53.89,49.594,86.43,70.29,65.585,79.658,40.021,49.534,66.537,55.426,72.584,53.507,59.622,76.061,75.024,46.697,42.168,54.036,59.061,54.777,63.162,51.873,52.228,57.606,62.654,50.187,75.071,59.286,66.405,65.66,67.051,76.69,49.919,54.111,60.581,52.132,64.37,56.049,52.365,64.329,47.423,63.954,72.614,56.245,78.418,73.435,72.011,57.755,56.97,28.548,66.393,42.705,49.135,52.9,80.194,46.927,58.334,55.959,53.762,74.504,62.057,60.005,55.302,66.406,45.304,65.999,52.083,52.101,44.188,44.302,79.893,61.094,53.418,79.005,63.042,63.077,43.744,63.827,68.706,73.005,71.088,56.05,73.244,48.871
MCH-059,M,295.67,303.99,1533,43.51,11,0,no_failure,43.717,45.218,48.245,62.372,53.825,74.592,45.797,58.562,65.986,60.293,77.858,62.758,61.119,61.974,60.205,77.182,41.253,44.899,61.896,51.999,60.412,47.308,69.605,49.191,58.685,64.444,63.162,43.855,58.174,73.202,75.481,69.557,65.234,55.179,48.661,45.77,44.376,31.255,60.586,67.176,53.099,60.894,87.212,70.68,70.763,50.342,49.181,68.155,53.363,77.248,51.506,64.48,68.924,41.593,51.549,41.444,52.951,37.226,63.339,64.443,53.948,54.832,43.337,59.53,60.072,49.354,41.65,35.045,59.702,58.152,32.775,55.536,62.679,38.426,64.809,56.366,49.834,62.072,49.194,52.266,76.145,82.056,55.984,70.251,54.07,43.7,56.267,15.909,56.197,60.032,56.243,75.774,76.347,51.516,76.244,74.044,78.479,79.021,40.121,55.962,64.434,60.063
MCH-060,L,297.53,305.95,1499,22.47,173,1,power_failure,47.33,59.335,56.625,35.653,47.513,80.171,33.875,60.641,71.63,55.334,60.5,62.827,63.761,56.663,72.872,79.115,53.549,40.928,61.239,71.563,55.095,48.704,41.178,71.189,70.614,57.872,50.557,78.48,66.581,78.485,75.547,54.282,74.029,81.597,61.488,61.91,69.66,56.787,59.837,58.35,65.353,60.629,68.255,81.661,67.596,57.608,57.15,67.124,93.742,88.273,52.735,75.818,61.345,69.032,67.655,69.968,49.485,47.587,48.546,80.188,60.119,65.716,64.217,64.576,72.837,56.167,83.602,64.249,44.712,50.297,69.426,52.883,67.9,57.719,64.356,48.503,43.197,67.645,66.867,54.238,64.001,75.185,59.804,81.879,44.93,51.647,45.819,68.067,55.405,55.122,70.561,67.156,88.349,80.04,62.064,63.307,42.286,70.967,57.563,68.495,69.796,65.029
MCH-061,M,298.72,308.35,1481,50.23,5,0,no_failure,56.459,51.467,65.497,68.103,56.928,58.448,42.037,55.696,76.303,69.734,71.586,65.519,73.45,66.968,78.654,65.439,43.825,71.535,73.9,50.112,60.666,32.607,50.412,63.168,56.491,54.238,74.701,55.798,44.793,56.739,60.432,54.155,78.326,48.25,53.007,32.088,39.522,47.047,76.153,66.636,60.007,62.658,49.943,58.567,72.503,66.32,57.056,51.243,58.457,84.401,38.772,35.224,51.796,64.593,55.952,52.537,69.578,58.263,87.357,53.541,74.262,54.751,72.163,65.886,73.423,68.136,77.067,33.827,58.18,57.024,53.9,50.385,69.304,69.54,57.854,57.335,68.984,61.355,54.909,37.017,53.613,40.122,56.651,76.02,41.644,54.543,48.533,65.474,50.458,61.788,56.726,59.408,69.917,49.901,57.386,55.566,73.639,68.684,88.713,53.85,59.575,53.257
MCH-062,L,298.91,309.18,2774,4.48,180,1,power_failure,54.171,47.111,53.754,81.496,69.596,61.066,62.467,52.748,64.555,67.236,89.367,52.605,63.591,90.424,77.44,69.947,53.811,59.989,47.983,56.815,60.874,76.543,72.19,69.452,60.962,55.505,61.317,70.148,74.404,57.25,70.671,75.71,68.187,60.854,48.883,57.094,43.297,81.967,68.933,64.477,57.13,61.42,58.193,55.222,70.933,56.388,79.106,70.615,63.686,79.888,60.908,51.422,54.912,63.171,55.229,52.188,58.548,57.849,74.015,71.062,55.839,70.076,74.437,74.939,66.118,56.241,55.986,56.741,53.528,53.446,69.306,54.482,72.895,67.097,62.78,64.206,55.428,64.51,55.594,64.612,78.885,62.64,46.276,83.502,46.791,56.05,45.797,63.413,58.33,79.316,57.587,63.471,50.568,75.661,68.181,68.324,62.302,59.351,56.67,80.269,82.335,37.117
MCH-063,L,300.24,309.67,1247,39.09,27,0,no_failure,50.447,58.652,61.417,52.506,57.672,69.576,54.064,53.882,64.781,70.059,66.088,58.313,76.707,71.193,65.287,58.554,43.033,67.408,19.997,52.42,46.545,70.702,35.43,53.431,49.314,51.863,64.959,54.835,39.251,65.382,62.692,93.836,75.769,44.599,65.279,53.08,31.722,68.173,45.791,50.113,61.386,62.933,57.979,65.478,63.997,60.555,52.859,51.041,69.418,57.003,45.284,63.224,52.586,78.857,65.149,42.018,61.547,55.531,66.103,53.334,63.007,43.424,69.659,66.998,68.146,68.921,72.976,47.509,56.77,60.06,57.497,51.616,61.945,41.799,64.019,58.67,65.284,73.616,65.968,63.067,61.632,45.937,74.965,75.599,49.277,39.248,53.355,63.936,55.896,68.519,50.124,57.257,56.287,57.43,55.418,65.254,48.438,62.049,76.875,56.885,51.558,52.075
MCH-064,L,300.87,311.02,1282,29.2,30,0,no_failure,55.058,33.752,56.537,50.222,51.919,51.94,47.413,70.371,68.47,49.535,56.204,70.43,65.943,77.062,63.127,80.891,58.974,42.242,35.183,45.969,43.554,70.685,69.646,48.136,59.014,71.766,37.238,52.049,55.955,61.393,56.251,68.156,66.625,64.234,38.938,53.742,45.206,56.524,38.86,59.41,77.42,64.057,61.118,63.068,53.536,54.362,57.729,61.031,74.269,64.054,51.205,47.047,65.041,46.057,40.387,54.03,54.99,55.171,56.593,62.464,60.228,68.192,70.037,70.701,51.588,78.401,71.995,68.652,49.537,54.91,55.637,45.623,51.586,57.99,47.49,72.055,61.575,87.542,62.058,56.587,74.694,71.783,69.377,83.094,54.049,36.889,60.216,61.737,48.681,41.615,56.337,57.776,67.412,60.613,53.966,59.705,77.112,66.558,53.733,58.332,76.904,57.178
MCH-065,L,297.48,307.78,1364,47.8,203,0,no_failure,43.111,51.397,47.767,57.879,53.744,73.377,81.562,60.182,68.525,62.827,59.765,71.938,71.772,68.772,54.079,76.15,47.853,44.131,47.787,50.499,60.323,65.833,47.579,68.801,65.137,52.851,67.701,41.315,63.844,60.628,63.395,59.132,62.897,54.466,56.763,70.823,36.916,57.586,41.689,57.393,55.731,42.432,73.101,54.259,64.503,72.37,55.524,79.695,65.371,60.186,54.149,40.455,51.78,34.186,58.795,55.386,57.613,59.637,69.124,58.634,64.435,44.692,61.843,75.383,76.916,69.881,62.692,57.199,54.257,39.192,47.224,50.679,34.25,61.236,43.426,58.407,55.046,63.353,61.45,74.228,60.715,59.118,89.783,50.646,60.13,34.986,44.835,47.789,59.681,57.655,49.331,51.246,42.866,45.903,51.757,67.33,46.407,60.743,84.841,62.896,74.278,53.504
MCH-066,M,296.48,307.46,1516,46.77,18,0,no_failure,45.389,45.866,69.522,57.975,44.458,52.325,49.794,49.884,64.257,47.661,52.263,59.723,78.246,75.709,74.829,61.454,49.131,55.317,24.889,63.759,55.773,48.139,55.066,54.851,47.071,58.486,55.976,60.99,73.932,60.804,53.271,67.629,74.071,48.694,49.28,61.408,69.653,42.516,52.374,59.903,56.918,45.884,49.47,75.737,55.9,51.617,65.748,71.964,76.147,65.591,56.197,61.491,65.091,53.582,56.917,55.796,43.836,63.097,57.409,52.63,48.957,67.473,54.64,32.722,71.562,45.186,66.779,51.281,62.043,48.819,45.575,30.834,59.519,35.291,54.104,72.607,57.639,79.912,33.622,52.848,54.837,65.538,72.922,59.595,32.445,48.02,41.319,42.301,55.3,52.401,58.794,39.773,53.837,66.041,71.63,52.237,66.331,62.531,61.607,71.253,57.951,51.261
MCH-067,M,295.48,308.01,1709,45.62,68,0,no_failure,54.841,64.641,51.444,37.228,52.198,37.716,53.127,57.558,68.192,54.724,71.246,55.123,38.278,69.141,74.143,68.958,44.54,52.285,30.037,38.105,52.074,53.751,62.76,49.592,67.538,57.118,62.414,61.607,57.244,56.974,69.785,45.19,63.196,33.972,47.239,42.208,47.909,70.114,71.044,45.929,53.036,59.003,80.728,76.925,61.056,57.15,58.392,55.443,52.183,66.442,53.655,41.622,35.156,52.17,52.966,59.415,70.258,49.33,38.172,57.197,47.286,55.385,69.794,61.983,48.229,68.464,75.641,49.98,71.129,53.965,52.061,37.529,71.267,64.863,47.824,58.24,66.917,52.97,50.081,56.056,61.105,68.611,60.601,68.365,54.04,44.99,41.888,44.165,50.651,40.523,63.811,52.005,65.564,54.199,55.268,45.843,63.072,49.614,82.342,55.226,59.178,69.806
MCH-068,L,298.6,308.48,1481,35.94,188,0,no_failure,49.851,62.278,75.519,57.594,54.48,66.822,53.41,53.072,75.516,61.718,55.159,67.823,47.55,80.393,66.429,57.092,49.703,66.015,49.904,52.309,51.496,45.747,51.883,75.943,55.014,37.114,64.021,66.63,61.357,66.937,52.895,44.834,60.04,42.576,45.796,57.869,45.669,62.553,76.434,72.214,67.776,44.668,64.416,65.561,70.475,82.143,60.548,63.238,57.248,61.4,35.707,52.148,74.481,58.999,63.128,56.273,41.756,51.474,68.323,51.441,53.965,68.035,59.949,46.156,83.228,51.231,55.125,32.835,54.042,57.069,62.187,59.594,48.342,81.05,51.739,56.053,76.989,60.22,58.622,57.05,72.888,45.471,77.454,66.005,50.287,39.721,45.898,56.143,47.958,52.289,68.897,67.784,53.727,53.844,65.172,67.005,68.566,63.308,74.95,55.764,69.511,40.835
MCH-069,M,301.62,311.32,1419,44.38,108,0,no_failure,43.393,55.817,56.15,42.57,55.602,40.913,56.838,45.804,48.794,56.77,67.006,53.766,69.125,74.647,57.955,49.68,53.93,38.325,45.137,55.358,40.291,78.041,55.84,60.243,65.489,54.417,47.006,56.254,69.32,56.481,69.864,68.634,66.469,51.382,47.395,67.75,53.586,58.932,57.368,46.621,58.534,68.793,85.558,66.425,69.856,58.632,67.342,81.264,67.655,56.228,68.804,54.92,50.188,58.871,55.742,51.69,61.928,79.459,43.789,62.448,63.642,50.11,82.761,61.753,67.267,71.79,82.674,51.481,54.864,53.846,58.612,53.867,69.44,80.071,58.148,48.82,60.376,79.598,92.43,71.431,72.265,52.879,57.507,49.295,43.74,62.614,55.962,52.151,52.857,48.212,53.63,47.793,52.09,52.416,60.632,53.474,67.977,54.224,57.066,61.615,58.435,48.505
MCH-070,M,298.52,307.85,1734,53.02,64,1,power_failure,80.19,45.492,72.384,42.463,67.594,66.469,61.832,70.77,61.739,65.849,60.556,71.623,74.75,76.278,68.122,65.403,58.157,55.842,42.256,61.844,54.756,50.401,48.056,48.9,52.427,59.382,52.815,72.334,77.335,65.123,43.446,47.134,64.692,58.603,45.826,56.052,54.384,50.502,48.931,65.23,61.332,50.437,71.959,83.692,56.654,51.975,58.632,77.313,65.851,66.88,55.36,37.918,56.892,57.75,62.644,50.851,44.245,68.2,65.859,74.173,59.342,40.926,55.684,81.984,69.857,68.904,72.216,63.497,46.547,51.258,50.144,48.113,58.05,59.033,57.178,64.958,62.497,46.213,59.327,86.976,78.272,55.947,66.219,57.919,46.217,43.71,67.002,21.592,62.116,53.634,48.631,59.201,67.406,57.293,79.877,62.621,68.597,47.423,64.798,69.725,68.881,47.125
MCH-071,L,300.89,312.01,2925,4.48,162,1,power_failure,68.506,64.312,71.386,31.028,54.594,71.148,46.275,62.814,50.53,73.203,66.306,58.245,64.068,80.455,58.384,82.93,31.268,60.427,32.13,69.76,71.18,63.379,57.193,54.58,57.013,51.737,72.496,76.497,60.809,66.096,65.559,60.131,78.389,66.012,49.794,44.61,63.782,44.793,67.202,52.48,66.388,67.51,89.746,63.1,80.87,67.189,60.805,69.378,80.029,48.676,54.87,49.272,60.458,62.461,59.273,55.844,59.168,80.62,58.525,64.002,58.472,52.829,61.628,92.478,70.36,59.623,75.97,66.463,55.802,48.69,71.548,59.834,61.678,70.741,72.652,55.192,51.25,76.292,77.835,63.042,86.177,91.944,54.678,82.726,50.56,54.334,53.694,74.596,41.143,57.123,66.296,56.125,63.505,61.802,47.22,56.957,74.904,81.739,82.718,73.968,78.437,41.583
MCH-072,M,296.49,305.49,1395,48.42,102,0,no_failure,37.701,45.043,39.606,50.221,51.568,56.785,56.714,48.895,69.749,58.163,59.572,65.528,68.824,59.17,52.012,73.603,58.205,55.405,75.934,57.783,54.593,49.403,63.924,70.904,60.646,57.491,64.364,73.669,53.249,72.727,66.143,72.238,80.937,66.972,44.736,43.008,41.452,46.287,61.247,47.123,51.083,73.393,68.805,85.748,51.184,64.728,68.908,48.981,81.006,56.858,59.067,52.825,57.221,66.061,56.551,59.863,45.525,36.303,89.727,72.232,63.017,72.058,41.053,60.227,58.852,62.065,68.033,73.008,55.895,48.113,56.444,51.939,53.719,68.412,59.251,42.039,60.698,55.796,63.111,55.937,42.042,54.598,49.881,57.755,47.696,55.67,42.796,38.773,41.461,56.554,54.472,50.926,73.372,38.435,61.018,39.131,69.354,32.585,70.647,72.408,66.388,44.803
MCH-073,L,297.54,306.88,1702,27.07,160,0,no_failure,63.671,54.658,56.553,49.786,56.545,49.501,74.204,54.675,39.146,75.862,56.112,54.752,62.554,65.035,72.713,72.545,74.457,37.085,66.036,63.628,35.973,46.204,57.144,55.913,48.584,42.792,66.562,56.963,67.543,81.392,58.581,66.841,68.15,36.213,52.447,44.261,45.905,64.176,59.443,69.951,59.524,46.31,71.162,53.112,65.169,71.158,59.897,56.481,59.992,62.731,70.315,46.885,49.391,61.643,59.471,64.13,72.543,49.488,51.912,70.44,70.197,51.549,52.765,54.93,59.837,58.878,55.265,55.014,34.823,52.75,54.204,63.256,44.162,67.795,61.892,58.506,65.306,65.494,50.866,62.943,84.875,74.19,53.383,61.867,50.713,46.089,63.979,29.903,56.271,42.531,54.355,41.635,45.457,73.546,62.113,60.559,63.397,58.25,72.534,53.804,61.835,22.927
MCH-074,L,298.03,305.11,1438,38.15,19,0,no_failure,63.47,41.066,47.817,53.764,59.423,54.882,32.577,62.031,62.361,60.746,53.03,62.72,84.386,33.471,60.271,62.167,52.896,58.634,55.019,56.442,61.443,57.901,69.08,48.651,74.195,70.822,41.8,42.536,77.789,45.144,63.743,65.393,61.413,41.184,57.271,56.701,45.293,45.85,60.795,45.475,41.426,83.363,58.126,66.762,68.758,54.684,64.5,70.473,51.916,63.592,64.955,45.151,65.999,69.537,45.962,60.409,58.597,60.423,78.405,66.596,71.606,52.389,53.188,67.581,51.91,64.719,66.271,53.194,29.692,51.252,59.834,50.483,49.651,63.571,48.839,64.563,55.069,60.916,51.906,54.73,63.392,53.798,62.706,78.004,49.914,44.717,40.318,56.814,49.403,56.396,57.484,58.246,63.803,55.427,68.476,55.137,54.001,48.639,75.774,71.929,52.108,50.389
MCH-075,M,296.91,306.96,1260,53.46,153,0,no_failure,47.251,31.521,53.129,51.246,53.058,51.394,58.577,44.224,67.552,56.201,72.291,64.929,59.249,61.653,63.645,49.344,62.023,38.59,55.674,51.501,61.525,54.775,58.331,59.935,53.816,44.623,70.45,47.295,68.453,65.647,61.902,57.022,76.91,49.91,64.496,39.518,48.019,34.534,65.882,68.439,61.486,63.011,69.738,64.437,65.982,59.972,62.444,50.716,64.832,70.407,45.918,41.229,33.372,45.934,49.735,47.686,56.366,57.167,55.773,69.051,33.601,78.208,54.278,94.792,70.658,79.223,67.67,39.036,27.507,50.565,65.12,51.183,26.749,58.34,60.853,48.37,64.476,69.051,64.637,64.593,47.837,37.691,68.909,72.644,42.716,60.456,39.292,35.037,68.858,47.936,61.239,76.954,59.895,69.919,58.853,52.493,64.361,64.462,39.568,69.569,61.537,35.006
MCH-076,M,297.68,306.83,1516,51.72,41,0,no_failure,50.972,51.074,61.585,55.988,52.051,63.302,65.035,51.175,60.26,71.951,58.685,49.033,77.424,54.219,63.434,64.634,37.204,57.278,65.319,55.296,63.357,45.324,61.662,37.955,76.248,50.848,56.289,41.236,73.751,66.632,65.238,62.242,51.345,55.538,43.045,48.268,65.192,67.379,72.117,62.429,42.982,44.302,44.406,65.908,46.88,67.064,65.754,66.591,85.453,69.701,39.944,38.096,53.191,67.772,48.373,72.033,45.951,60.068,80.196,44.133,50.192,64.606,55.569,74.087,66.117,63.995,64.884,59.033,61.674,58.141,54.103,55.883,73.732,70.974,63.416,56.447,65.512,82.458,78.845,66.267,67.482,62.657,33.681,52.243,30.141,51.006,54.854,50.231,47.327,59.012,49.236,86.692,44.697,63.67,69.272,57.1,61.796,63.702,74.252,42.829,71.636,60.339
MCH-077,M,299.05,308.78,1489,33.02,13,0,no_failure,68.62,46.051,32.837,38.065,38.328,57.4,48.59,59.874,63.371,53.542,60.009,48.759,64.93,52.989,67.144,62.101,45.782,42.525,62.555,49.517,68.874,58.914,59.612,56.75,67.556,64.146,41.968,51.825,71.102,57.415,58.05,53.882,76.341,38.702,70.15,53.565,50.102,47.721,75.239,60.258,72.385,50.25,67.199,49.836,61.777,56.861,51.28,52.198,58.856,49.422,52.784,49.658,47.509,38.805,63.778,46.836,43.07,65.455,45.525,63.252,47.249,56.906,56.636,57.427,58.923,52.383,78.047,52.55,64.488,56.618,51.451,67.644,48.483,64.268,41.138,46.585,57.307,60.191,46.218,45.58,76.837,69.921,60.177,74.833,52.256,55.071,62.097,53.069,69.828,51.009,44.506,50.353,73.036,66.321,49.948,58.269,64.934,77.175,44.716,57.227,77.666,47.335
MCH-078,M,298.41,310.06,1718,45.45,78,0,no_failure,54.784,65.416,56.642,56.112,35.289,43.688,67.655,56.389,44.141,74.783,55.183,69.665,63.846,81.672,66.989,61.307,33.547,55.22,39.373,54.842,59.679,48.5,59.927,70.351,62.095,50.721,50.993,66.115,81.114,61.525,61.55,52.502,57.564,48.976,46.069,60.833,46.065,68.93,73.626,52.697,65.626,50.365,61.513,72.36,57.431,62.447,55.412,46.467,70.272,58.744,49.15,44.75,43.253,48.498,51.883,41.738,46.314,48.265,46.377,53.257,82.371,52.012,56.999,71.553,69.761,60.669,69.497,48.82,38.953,44.702,54.307,43.725,63.979,57.18,65.028,40.697,54.492,78.643,74.244,59.309,49.992,62.094,71.929,93.663,57.887,53.458,53.989,45.934,31.584,48.949,61.251,55.885,66.535,67.494,55.214,75.711,65.622,44.003,61.232,56.249,57.579,52.605
MCH-079,M,299.73,310.07,1369,54.91,187,0,no_failure,45.239,44.722,32.846,58.707,56.47,61.386,60.134,60.186,66.169,69.444,66.915,52.462,79.168,78.503,58.052,65.663,40.818,52.485,40.823,58.072,52.11,62.606,46.688,48.827,54.232,63.208,56.488,75.083,41.829,57.569,59.829,71.295,67.639,55.264,47.045,59.293,59.125,56.727,49.342,58.772,51.545,63.425,52.907,42.999,63.623,52.975,62.259,63.237,59.45,71.901,55.568,59.027,64.445,56.135,50.887,58.205,40.873,65.314,50.661,55.773,63.268,67.912,52.847,61.415,61.983,49.154,59.347,53.323,44.424,40.334,59.605,40.284,60.327,67.475,55.989,55.935,83.026,48.836,65.26,58.29,53.449,62.614,45.068,68.651,53.906,45.936,54.477,49.813,40.304,56.856,66.69,67.309,65.739,66.61,48.973,71.908,72.443,44.931,59.879,67.554,68.603,53.875
MCH-080,M,299.02,308.76,1511,41.48,77,0,no_failure,46.086,72.248,67.117,64.75,69.289,56.014,54.198,57.586,72.942,54.053,63.186,54.46,74.543,53.511,58.477,60.155,53.777,56.747,70.195,42.833,64.575,53.353,44.861,38.074,59.715,44.402,67.112,71.719,69.318,52.519,62.537,45.122,76.14,49.162,52.274,40.147,55.691,50.46,62.066,52.655,45.135,37.831,55.086,74.056,49.653,69.018,56.271,57.265,68.773,49.788,45.471,46.019,51.231,54.103,40.41,50.235,58.582,58.808,60.427,67.286,65.469,58.889,48.3,68.753,62.973,57.023,51.933,61.831,50.647,47.037,50.26,68.453,39.478,57.477,58.903,64.625,70.352,69.956,70.749,62.207,75.694,67.465,63.908,57.762,55.581,46.022,48.41,45.722,50.657,44.026,54.384,51.709,60.609,53.057,61.115,75.52,58.881,74.117,70.029,66.701,65.797,72.968
MCH-081,L,299.25,307.85,1605,51.57,76,0,no_failure,48.609,47.554,73.65,82.489,42.745,51.914,58.339,68.298,65.626,58.412,59.1,57.358,53.904,53.091,62.581,60.55,38.644,76.805,52.792,56.863,50.007,56.526,63.252,45.466,71.237,59.032,59.333,62.002,66.142,56.562,67.382,62.269,59.515,64.348,43.111,41.8,46.778,64.802,52.474,66.173,68.437,54.639,63.816,53.671,60.661,61.849,61.48,89.68,68.446,60.276,52.848,64.56,59.39,40.685,51.252,45.159,62.714,42.292,69.964,53.221,68.286,54.398,48.284,83,79.485,80.378,53.258,41.777,37.671,43.609,58.068,49.703,43.29,81.297,52.17,65.526,69.487,67.305,83.547,65.712,63.315,56.823,52.486,60.008,57.195,40.115,31.412,53.502,49.643,57.811,63.244,51.56,75.382,57.651,63.437,53.396,58.032,68.347,61.987,59.711,65.866,49.06
MCH-082,L,296.62,307.7,1271,48.53,163,0,no_failure,34.633,44.303,68.32,38.32,60.661,75.188,41.135,74.178,72.17,53.576,58.663,65.519,60.384,57.666,53.786,64.087,67.756,43.655,72.582,67.349,48.014,75.304,65.794,44.486,57.914,46.941,71.846,66.849,66.24,75.739,65.065,55.97,62.879,26.428,57.624,47.196,46.471,65.379,63.249,56.412,59.818,47.852,53.759,72.417,67.907,63.083,63.739,63.88,53.041,64.577,50.787,28.984,50.869,40.367,63.047,62.042,71.384,61.86,53.874,56.517,56.88,73.783,46.336,82.31,53.743,69.531,58.173,51.617,40.427,71.821,47.82,39.122,56.145,61.259,61.067,65.486,58.532,47.618,51.594,80.137,68.52,61.771,61.618,100.944,58.826,40.805,40.034,63.073,78.704,38.155,43.647,65.491,34.96,66.361,50.803,51.691,55.233,62.649,81.414,71.263,56.877,59.488
MCH-083,L,297.68,306.66,1589,55.09,31,0,no_failure,45.166,40.052,65.516,47.224,61.685,51.71,62.691,55.328,53.136,62.546,44.604,56.029,65.86,57.343,71.345,52.453,58.722,63.517,64.036,36.285,61.22,65.64,54.546,32.66,68.657,65.516,59.614,62.882,48.269,52.691,75.673,84.044,72.225,54.013,43.019,57.277,75.027,53.732,54.063,48.266,59.54,69.532,48.909,74.4,75.418,67.184,55.071,62.192,65.406,54.79,36.78,31.715,54.857,22.286,61.117,37.969,55.129,76.842,52.439,53.589,60.26,71.352,83.757,90.05,67.693,74.5,66.758,51.245,45.576,57.215,53.148,32.055,46.621,42.098,50.463,50.363,55.977,38.707,70.576,56.426,49.449,63.532,65.083,52.787,39.529,51.702,50.501,73.068,53.79,44.169,65.649,66.219,59.616,67.275,56.127,76.414,62.791,73.27,82.155,74.885,74.172,59.978
MCH-084,L,298.02,307.07,2941,7.22,173,1,power_failure,52.622,45.942,60.99,50.527,49.147,53.339,72.768,63.791,67.372,79.72,78.714,76.026,86.619,75.139,73.423,71.353,70.695,34.906,65.235,55.657,61.168,60.78,44.671,57.474,62.687,85.885,56.792,64.919,67.954,50.573,60.398,68.104,75.626,56.549,47.244,44.128,59.394,47.485,49.484,53.913,74.692,61.833,76.9,67.128,53.176,65.868,84.302,57.838,73.57,67.841,54.544,51.907,48.843,45.881,74.3,54.746,55.006,46.878,46.496,63.091,64.157,68.14,65.85,68.136,83.924,71.493,79.43,53.191,56.461,54.69,46.038,55.441,59.342,51.903,60.166,63.682,59.141,52.047,36.541,69.802,67.832,61.258,62.159,93.469,47.094,57.94,55.358,55.091,81.785,56.295,71.753,59.839,76.211,56.43,67.508,68.33,70.682,65.341,60.168,65.299,67.19,55.692
MCH-085,L,300.64,309.9,1743,51.43,115,1,power_failure,55.676,56.318,52.575,76.768,56.574,54.908,73.579,76.121,76.618,65.666,76.084,64.169,80.871,81.65,72.443,70.371,63.351,38.709,53.885,61.984,47.552,74.966,54.758,86.382,53.528,50.203,84.038,74.249,65.758,59.806,65.683,88.61,72.587,69.33,70.848,60.203,63.948,69.381,49.784,66.547,61.65,57.958,68.978,69.254,64.861,70.967,63.11,64.994,97.724,74.096,52.445,41.072,61.305,48.453,46.668,49.879,64.197,82.115,69.116,73.305,49.727,58.383,62.22,65.28,64.471,84.796,79.387,67.388,54.11,51.068,62.564,48.746,61.146,39.577,70.175,67.135,51.368,77.965,82.347,53.802,79.321,78.914,69.815,72.719,66.033,60.796,53.032,61.252,52.631,60.994,69.292,67.802,66.462,51.441,58.262,69.902,45.782,54.416,43.211,75.46,76.715,69.933
MCH-086,L,298.04,306.74,1370,44.45,166,0,no_failure,41.215,57.855,48.122,49.833,43.687,55.942,62.198,62.939,59.428,84.838,62.333,69.147,72.268,53.107,40.247,45.382,63.96,46.805,46.284,61.837,60.877,60.579,48.655,88.306,65.203,59.106,53.168,50.948,68.788,53.507,75.611,61.679,96.536,71.01,52.886,48.542,55.925,63.236,64.454,64.332,52.292,71.862,61.133,52.948,60.577,68.124,65.367,79.038,52.783,58.684,39.216,56.302,48.614,49.232,57.324,61.02,71.753,52.881,63.442,67.485,60.421,45.058,57.833,33.677,61.231,54.864,65.475,37.044,55.838,64.589,79.628,52.401,52.849,55.735,53.867,47.636,71.91,52.603,52.074,54.652,45.942,61.178,51.181,70.439,64.04,46.978,45.628,48.339,52.341,41.963,71.251,64.432,59.474,51.651,69.993,65.084,50.22,65.34,68.369,73.63,66.1,48.9
MCH-087,M,297.71,305.54,1571,31.27,75,0,no_failure,50.831,51.374,69.748,54.82,48.629,42.38,56.543,52.904,50.309,48.28,75.029,48.37,73.197,80.267,67.453,70.693,46.542,43.362,49.896,41.942,56.188,63.91,45.851,67.062,60.66,61.627,53.413,58.895,84.803,53.787,69.742,65.102,82.126,52.772,57.954,34.179,62.832,82.388,48.548,44.191,51.502,60.814,50.342,37.554,63.63,81.114,60.355,56.84,64.142,71.91,49.355,46.028,77.109,42.91,39.239,69.001,62.542,43.411,57.072,63.524,47.05,57.265,70.214,64.608,65.783,65.521,43.721,50.929,65.693,33.561,38.393,42.443,41.801,73.953,61.333,56.303,47.288,67.586,49.192,59.231,65.049,71.686,68.212,70.249,56.818,38.679,49.887,42.21,53.105,41.471,59.208,67.259,67.902,56.332,44.444,48.654,65.437,77.405,73.456,72.09,69.454,44.732
MCH-088,L,297.27,306.96,1619,33.17,97,0,no_failure,39.674,42.892,45.455,46.588,63.345,62.89,57.634,63.946,55.318,63.923,75.954,64.541,71.829,77.04,61.273,73.148,54.596,56.788,29.821,44.768,60.276,59.053,43.374,65.426,53.323,46.816,49.96,53.627,67.12,59.59,66.234,55.01,64.884,51.715,46.583,63.13,46.71,44.369,64.607,60.648,64.005,73.485,43.701,39.17,55.336,54.883,58.01,35.89,42.403,62.526,52.208,54.17,40.703,27.358,68.318,61.553,71.492,58.383,67.8,65.024,57.657,55.521,55.441,54.214,59.717,55.075,62.05,47.134,56.274,45.436,63.644,63.911,42.09,91.053,69.209,55.828,43.292,64.463,68.754,58.688,63.794,60.741,61.102,59.635,42.475,53.144,41.459,52.122,77.364,53.88,52.149,41.052,67.918,58.735,52.27,57.277,53.458,54.465,84.17,77.086,61.934,55.849
MCH-089,L,300.17,310,1666,38.27,103,0,no_failure,51.758,51.155,51.892,43.894,61.486,53.338,63.528,50.977,48.82,54.646,63.843,58.164,63.802,64.794,64.124,67.385,62.21,46.957,68.317,53.011,47.653,50.968,71.516,61.615,45.243,66.77,54.835,76.493,54.068,61.665,60.742,82.327,61.164,34.955,59.855,51.545,50.226,69.973,72.142,58.494,72.154,67.044,55.398,74.95,60.105,61.221,55.973,69.842,77.886,76.063,67.606,42.499,54.577,34.706,42.267,65.446,56.931,63.05,62.316,41.648,58.784,57.162,76.304,51.139,56.063,61.576,54.085,43.017,48.819,42.185,49.413,40.808,63.954,54.43,77.931,54.84,35.26,59.431,51.653,61.612,76.196,68.325,55.808,67.683,50.42,43.146,52.26,47.492,59.472,49.866,48.17,50.167,71.786,56.531,50.55,63.798,62.688,70.798,61.535,52.394,58.942,58.501
MCH-090,L,297.87,307.9,1653,32.83,123,0,no_failure,51.993,50.485,45.221,38.422,47.21,56.308,44.128,72.732,64.458,56.778,61.256,53.312,47.639,66.717,72.622,75.377,60.708,32.49,66.181,52.013,67.213,54.807,33.358,47.287,53.784,58.285,85.435,68.694,70.12,62.983,78.125,60.921,63.636,58.057,47.294,48.814,39.345,52.208,75.371,67.598,59.443,47.246,54.958,57.635,64.803,63.246,56.633,54.013,61.82,75.12,39.224,49.086,65.71,57.293,43.842,34.569,42.666,58.623,65.347,57.554,51.059,70.678,62.357,42.767,62.204,58.39,69.098,36.017,51.159,51.361,41.421,58.314,70.787,47.218,60.562,61.88,46.488,51.688,43.607,80.792,74.121,81.605,51.236,63.196,31.573,46.058,47.679,38.584,67.333,63.322,54.976,40.515,28.078,86.061,56.24,72.428,60.761,56.383,42.526,69.831,56.596,60.263
MCH-091,L,296.74,307.07,1342,39.16,50,0,no_failure,56.83,56.661,33.397,60.634,38.63,42.418,51.752,63.936,66.714,53.08,51.205,73.375,74.034,56.685,67.979,62.941,34.004,60.787,61.495,50.23,55.41,59.52,39.143,60.218,66.149,74.079,42.204,53.481,59.306,62.966,71.863,68.267,69.573,56.842,56.776,70.258,39.657,50.343,53.748,44.867,47.744,62.11,40.286,54.586,62.722,50.391,54.598,62.163,54.687,67.272,51.573,61.091,54.712,47.527,58.126,42.181,71.868,48.592,67.688,54.102,49.328,57.185,64.62,68.65,75.011,92.303,72.426,42.139,42.432,72.236,36.354,66.455,47.589,56.708,58.311,61.693,56.62,39.542,89.267,55.824,43.799,61.346,74.768,64.397,39.363,64.057,49.882,71.073,57.731,52.585,58.909,55.922,87.399,63.824,57.328,61.792,53.366,48.561,60.997,50.046,76.425,57.761
MCH-092,L,296.34,307.43,1554,31.89,103,0,no_failure,61.154,58.127,38.939,46.646,59.12,42.583,57.052,71.87,56.448,52.496,59.5,56.028,51.474,57.872,72.348,70.63,57.127,50.134,47.223,53.699,58.652,40.791,73.483,63.718,48.267,40.319,58.896,72.574,66.62,53.415,50.743,64.624,62.511,57.68,44.824,53.703,49.644,66.98,43.102,59.208,47.836,64.868,63.386,69.144,62.06,54.019,68.106,45.09,85.064,61.477,43.413,45.148,42.742,48.104,49.825,65.465,68.867,69.249,25.468,48.772,67.334,68.444,50.327,46.629,80.814,54.263,59.97,36.832,55.938,53.486,32.436,34.057,60.45,50.204,60.109,60.476,42.288,52.206,60.707,61.782,64.305,63.535,52.402,59.142,57.235,54.202,65.193,61.637,54.341,62.667,53.154,54.105,63.519,55.319,64.001,67.564,47.365,76.673,76.165,66.007,65.13,63.466
MCH-093,L,296.49,306.83,1454,18.57,129,1,power_failure,61.813,39.073,63.705,64.202,55.61,56.979,60.358,60.417,38.632,81.844,66.457,77.397,65.241,77.239,76.751,57.8,56.901,53.428,73.758,58.789,51.116,76.52,57.411,69.218,61.613,71.359,58.64,44.234,61.316,70.886,71.897,63.644,73.785,54.881,65.385,79.467,65.992,65.624,72.498,61.166,62.151,73.313,64.549,69.539,68.139,81.6,78.342,78.417,45.859,69.222,34.465,63.327,73.644,42.405,63.046,52.419,66.154,74.552,50.039,67.513,58.549,58.229,68.933,63.833,66.473,58.447,63.313,57.914,54.65,65.238,64.707,33.372,61.577,72.427,70.687,68.313,49.268,62.368,54.342,53.269,74.476,77.126,52.716,55.204,58.678,61.174,45.793,57.661,44.178,62.948,50.326,50.006,56.354,59.907,83.253,78.446,51.033,80.603,77.928,64.169,85.825,59.385
MCH-094,L,300.19,309.91,1433,44.56,106,0,no_failure,46.244,47.954,52.141,46.181,67.984,72.946,76.352,59.645,60.335,60.294,58.897,55.897,61.223,76.381,55.153,83.955,51.092,50.557,65.015,55.489,51.985,67.338,55.775,50.288,55.92,62.007,67.147,80.894,66.047,50.572,69.639,69.001,97.044,64.216,63.451,47.876,57.667,47.347,37.176,48.252,45.897,49.507,49.503,84.34,64.146,52.227,62.977,54.43,67.399,66.305,40.576,51.378,46.608,59.419,53.923,48.213,67.991,35.567,43.602,58.862,44.82,50.486,74.413,69.516,72.871,52.399,49.01,52.256,45.535,37.264,57.687,54.018,48.569,73.615,53.952,45.412,65.589,52.073,55.267,47.52,74.141,70.041,76.146,53.492,78.319,63.236,56.326,56.678,59.901,58.171,48.48,63.859,43.976,67.711,46.218,58.733,49.7,60.977,64.996,52.786,48.774,49.518
MCH-095,L,296.34,306.19,1392,33.75,143,0,no_failure,60.147,58.964,57.274,49.637,54.03,51.486,60.723,70.958,41.376,68.795,78.45,58.898,67.888,50.2,52.617,66.711,52.666,53.872,36.624,47.278,53.828,34.721,79.948,50.918,48.32,40.87,57.889,62.599,60.55,66.94,76.926,58.685,58.166,50.356,72.118,38.706,43.298,30.608,18.781,44.457,49.716,53.041,45.715,65.226,62.666,61.75,78.256,69.984,93.998,73.549,51.388,56.83,56.749,69.434,48.024,37.675,50.773,56.419,58.526,42.746,64.823,69.025,53.03,86.575,91.023,46.393,59.343,58.025,58.345,59.913,61.015,51.686,52.403,55.789,58.578,48.484,58.29,58.46,68.29,55.309,72.828,77.64,73.439,58.384,60.599,53.434,63.013,57.965,61.692,63.773,47.971,63.028,65.856,37.32,52.254,66.152,62.228,75.553,64.218,86.639,87.545,32.582
MCH-096,L,300.12,309.87,1403,46.98,126,0,no_failure,64.032,50.218,40.37,64.992,54.011,63.935,46.707,63.663,54.478,61.998,69.872,62.087,70.685,56.024,64.492,53.982,66.329,36.082,51.388,57.609,48.538,62.748,87.62,59.636,63.284,46.202,61.275,46.382,53.089,52.408,69.373,65.834,81.059,44.895,48.844,45.92,79.359,63.717,32.418,47.934,61.308,70.314,65.789,52.775,75.758,56.849,60.98,68.31,94.812,73.864,61.259,45.218,18.425,31.72,53.599,52.358,59.879,46.424,42.488,64.675,37.532,57.448,52.289,44.862,63.98,52.15,54.457,59.303,63.959,63.539,71.426,48.771,71.117,59.2,65.878,64.5,74.165,63.979,41.477,72.405,67.961,74.726,57.891,68.897,50.457,38.486,56.36,53.411,63.807,54.04,60.173,65.237,36.017,64.358,68.79,51.781,68.644,70.794,67.236,60.643,59.53,61.252
MCH-097,L,301.68,312.49,2938,6.34,172,1,power_failure,46.766,49.783,51.997,63.627,53.606,66.8,62.675,63.301,50.732,63.028,62.476,77.087,73.573,83.942,69.873,72.452,66.072,39.817,69.245,57.423,68.693,41.462,61.695,33.474,74.164,60.649,61.192,90.236,51.186,79.087,73.131,59.564,43.075,45.277,49.769,47.677,64.124,66.683,54.61,73.929,59.71,56.771,81.609,67.066,71.576,68.274,65.536,79.159,65.924,76.064,58.104,70.145,70.973,73.584,64.549,69.161,61.305,79.284,52.02,57.654,38.312,62.742,62.229,82.5,49.799,79.609,80.648,42.886,69.98,51.63,60.221,84.311,51.374,74.4,57.153,55.769,64.793,75.935,70.084,61.078,57.513,74.115,72.2,67.075,50.327,63.128,57.335,45.181,52.386,47.895,75.644,70.058,60.974,69.861,66.671,71.367,69.154,81.863,71.298,63.116,64.366,51.568
MCH-098,L,298.02,308.89,1531,45.29,149,0,no_failure,42.665,40.001,41.316,40.337,65.764,73.067,66.063,67.28,63.309,56.453,52.764,56.349,39.874,50.555,52.206,66.32,49.065,40.041,47.078,57.682,44.797,47.411,68.215,55.699,47.648,54.538,56.023,44.441,51.207,48.415,58.865,67.24,54.54,40.486,63.077,46.989,54.95,48.702,42.647,54.585,33.416,35.016,56.12,68.124,46.528,46.562,61.991,47.98,54.158,59.479,49.983,50.91,47.377,52.676,52.493,56.619,60.247,35.639,68.277,58.494,54.284,65.961,74.205,75.676,55.881,62.805,69.497,47.864,52,53.466,54.339,58.911,56.144,47.847,58.157,74.991,66.494,60.482,64.537,51.716,79.719,55.599,44.356,62.868,52.535,56.664,35.849,27.864,44.126,68.74,58.781,59.273,44.387,64.044,62.951,55.345,60.809,80.61,62.435,66.779,48.761,47.259
MCH-099,M,300.08,310.67,1722,39.81,147,0,no_failure,48.054,49.288,36.2,61.378,54.638,54.646,64.479,57.115,71.435,62.237,59.389,56.783,77.625,90.304,66.115,72.072,33.934,58.886,66.65,54.518,43.93,67.796,44.779,62.713,53.368,55.763,63.218,60.926,60.717,59.641,58.679,79.951,74.407,44.254,54.631,47.791,50.327,53.895,57.911,51.738,44.643,67.071,68.156,73.363,57.492,80.344,72.08,63.229,67.321,50.939,38.77,45.251,44.932,46.931,47.34,36.261,44.78,50.673,64.469,48.963,59.047,47.254,76.964,59.861,62.547,62.37,58.599,48.472,63.902,56.173,43.811,56.704,61.939,53.358,58.403,47.459,57.11,61.012,52.094,67.022,66.043,73.604,73.986,76.587,46.159,68.352,53.225,54.988,73.969,64.673,55.515,72.709,57.535,60.973,44.882,61.227,67.136,66.189,51.315,65.866,66.618,53.737
MCH-100,L,301.68,310.39,1506,39.85,104,0,no_failure,77.344,40.042,64.19,41.312,55.903,54.954,61.001,47.222,68.013,64.382,59.757,52.821,80.076,50.422,75.08,38.509,55.607,79.017,57.665,44.248,57.538,49.068,47.173,64.077,57.23,61.727,63.95,78.351,41.955,63.23,64.043,86.536,57.011,42.726,67.844,66.515,70.916,50.936,47.584,57.709,58.58,60.348,54.854,72.582,59.991,78.729,64.66,73.037,72.473,67.383,53.391,61.773,40.908,48.839,35.1,46.796,47.614,48.262,54.312,55.25,67.847,65.636,49.985,65.144,44.826,62.532,60.453,50.87,53.604,55.899,61.854,59.666,61.049,54.462,47.491,53.596,64.35,57.275,63.343,54.384,49.932,60.078,49.906,68.621,51.811,48.829,47.784,63.593,64.313,64.142,55.621,59.552,77.549,66.822,60.534,51.102,65.898,66.177,86.296,61.405,53.315,53.335
MCH-101,H,296.41,307.7,1682,36.42,173,0,no_failure,32.136,53.279,58.385,57.135,50.89,40.148,50.232,45.221,42.072,59.129,49.345,71.366,70.542,57.965,55.765,62.229,58.021,57.129,43.59,57.386,54.815,49.823,63.304,56.889,52.813,43.163,53.643,52.994,56.971,72.192,70.136,67.518,70.923,57.048,47.85,45.949,46.087,50.394,31.839,59.065,54.451,60.824,45.569,62.073,49.596,71.577,52.821,69.225,68.193,51.787,54.334,46.016,67.705,28.975,57.358,45.588,53.096,60.855,55.075,61.265,66.935,76.961,75.519,61.64,48.24,59.2,54.742,41.468,44.706,50.758,58.571,54.705,63.18,74.887,54.706,72.439,56.921,63.456,65.488,56.401,43.196,79.743,66.901,73.939,58.101,58.121,45.08,59.287,37.473,43.854,53.363,66.637,53.458,67.259,56.367,67.111,52.293,66.364,58.533,65.404,66.512,34.907
MCH-102,L,298.31,308.37,1373,37.86,147,0,no_failure,50.713,72.67,58.829,59.67,70.016,47.146,51.622,62.865,77.72,58.743,66.875,52.685,54.663,65.175,61.672,75.774,60.504,41.802,62.05,57.42,65.597,62.952,36.386,53.664,53.141,59.477,66.027,61.153,52.26,64.713,76.014,66.298,57.098,50.855,66.747,45.655,47.03,54.085,56.925,61.876,65.031,57.307,76.607,54.401,50.497,62.833,74.289,58.723,74.463,58.417,41.778,34.835,53.771,56.912,49.988,58.304,57.656,46.755,55.387,56.897,53.971,75.739,71.038,29.543,58.084,75.567,66.204,34.975,58.446,52.283,51.808,56.077,62.249,70.879,63.74,64.604,52.46,67.134,62.433,75.21,51.651,65.538,61.456,68.921,57.984,51.571,55.254,30.357,63.782,57.874,56.695,65.08,65.191,61.512,54.555,53.255,42.844,57.285,90.932,66.947,72.12,47.959
MCH-103,M,303.54,313.04,1607,45.07,48,0,no_failure,38.898,44.935,59.785,63.632,58.541,46.21,49.274,46.838,51.303,66.765,50.016,59.498,67.119,67.295,59.073,55.512,64.376,40.773,43.454,45.203,52.802,55.977,53.843,56.548,54.31,64.692,76.55,60.89,71.809,70.513,59.899,59.739,74.914,45.506,57.789,48.149,44.709,43.623,36.285,52.36,51.219,58.65,39.587,63.237,59.568,67.396,51.456,66.089,44.385,72.376,50.834,58.829,64.785,70.313,49.709,59.4,57.664,51.68,26.801,66.12,65.734,48.959,56.274,49.99,59.813,80.783,54.23,42.762,50.868,49.639,46.847,59.417,64.711,74.203,51.832,64.323,57.585,70.538,65.769,66.484,66.632,71.824,73.818,65.318,44.776,47.5,67.544,55.336,52.324,58.273,54.569,38.704,60.7,31.407,59.516,58.56,62.21,46.727,58.617,65.738,66.042,46.458
MCH-104,M,299.05,310.06,1476,45.36,16,0,no_failure,51.281,47.542,64.559,49.221,52.492,34.836,45.457,72.969,54.897,50.784,53.575,56.851,68.05,51.894,53.066,82.542,52.501,70.352,40.277,39.247,41.698,33.737,41.235,56.487,58.27,57.277,75.178,48.527,64.426,78.19,73.366,77.082,63.057,53.995,59.24,44.668,50.558,51.235,78.278,52.216,61.503,42.092,81.882,53.738,70.924,64.783,73.868,62.362,65.751,74.33,57.289,61.952,58.646,61.949,66.18,22.937,60.406,59.492,56.828,59.378,57.783,81.142,60.844,50.282,69.45,70.875,56.601,40.856,33.29,44.763,51.337,55.687,38.085,74.4,56.502,53.576,69.236,52.694,49.504,61.397,63.299,56.706,59.52,76.301,44.095,43.326,43.425,65.658,40.575,67.232,47.891,56.102,45.536,54.577,64.284,60.787,59.634,64.383,55.428,66.199,57.641,54.233
MCH-105,L,299.56,310.88,2968,6.87,178,1,power_failure,39.912,63.392,63.124,65.601,72.889,51.401,66.759,69.072,65.044,69.543,64.72,89.761,77.56,79.042,68.031,68.168,51.891,45.609,45.904,68.977,55.51,67.289,67.062,78.12,69.31,64.764,73.457,64.136,42.676,66.737,67.892,95.123,33.914,44.013,48.265,56.781,53.526,69.394,71.782,48.72,54.093,58.748,77.629,66.138,62.588,62.983,65.163,80.486,75.988,77.602,54.188,57.229,60.561,56.114,50.592,48.174,67.557,69.911,75.331,66.269,70.063,58.301,70.753,61.689,70.558,79.554,69.986,55.98,53.515,42.666,63.33,60.487,50.617,67.922,73.32,71.335,66.951,68.648,59.666,71.403,65.391,79.082,73.434,75.874,48.527,56.065,46.862,56.289,65.873,56.373,52.744,68.849,65.473,82.53,59.879,60.47,55.818,69.581,88.649,70.535,78.282,45.089
MCH-106,M,300.8,311.49,1687,42.38,96,0,no_failure,53.323,42.923,58.431,62.437,48.851,65.634,65.641,57.534,55.367,49.072,59.716,46.906,94.749,60.712,67.507,78.45,47.824,47.316,34.23,61.933,44.074,53.356,64.051,49.213,51.477,63.126,54,71.063,61.09,68.622,58.009,59.133,71.287,38.619,50.586,46.7,39.261,55.125,46.837,46.684,63.394,79.478,61.074,58.876,68.498,63.926,75.293,60.427,61.814,72.038,42.498,38.592,55.022,51.802,35.497,55.318,67.689,59.491,60.638,70.166,56.455,70.192,69.125,53.962,54.419,57.515,67.544,53.087,54.89,50.417,53.978,61.095,63.858,54.054,57.589,57.741,73.65,62.328,57.509,65.45,63.672,48.391,54.376,34.833,45.127,55.53,67.146,49.217,61.632,53.636,61.759,38.119,69.995,57.173,72.459,48.811,69.003,47.541,64.104,75.374,59.285,65.822
MCH-107,H,297.58,307.35,1490,45.64,99,0,no_failure,62.605,48.805,61.468,73.532,46.785,56.853,57.319,61.239,67.915,68.157,45.985,63.53,60.282,49.653,64.274,74.037,26.217,58.799,75.537,56.5,55.253,71.364,59.642,77.946,51.59,49.694,66.679,62.422,61.53,57.513,58.843,74.323,64.565,55.385,54.918,38.84,49.847,56.667,57.579,59.534,52.702,74.538,49.781,67.379,62.134,72.968,48.35,74.153,77.772,70.54,61.348,31.636,49.011,71.187,56.645,52.453,73.953,52.605,64.522,71.921,60.179,68.635,60.166,66.262,77.535,75.898,66.998,43.396,48.148,55.187,51.888,38.076,51.648,70.539,67.069,66.569,72.912,62.492,62.002,60.34,62.782,45.898,34.505,66.071,35.174,52.095,37.946,52.504,52.538,57.785,70.396,52.566,64.047,56.925,65.168,62.707,53.748,65.207,65.775,69.66,72.118,63.064
MCH-108,M,298.46,308.12,1459,35.97,204,0,no_failure,47.069,51.396,51.752,53.18,47.114,59.486,40.09,69.523,60.112,75.409,63.462,64.934,55.801,88.73,60.777,61.955,60.271,30.069,61.064,50.251,55.038,50.528,68.137,31.569,53.151,58.973,67.694,71.086,68.568,66.023,79.75,70.456,78.532,57.798,49.631,45.339,66.928,44.603,70.102,54.661,43.715,89.214,70.189,68.939,59.814,48.904,54.304,52.712,63.49,60.062,53.1,46.617,72.084,58.994,56.785,45.218,54.287,43.775,56.377,56.216,72.374,56.264,62.845,68.744,66.311,55.107,97.117,36.042,54.144,56.189,52.993,67.112,61.848,19.891,63.591,47.76,66.893,62.599,66.073,64.401,69.832,65.866,76.098,89.633,49.739,52.269,56.629,50.952,47.646,59.986,64.556,55.718,64.377,50.185,60.061,73.915,52.553,45.89,70.665,79.236,56.192,29.742
MCH-109,M,298.56,309.36,1352,36.69,134,0,no_failure,55.886,48.834,47.037,54.627,50.354,61.978,44.73,58.961,58.322,63.23,86.73,49.293,35.32,44.728,66.792,63.455,67.13,43.918,41.568,31.223,45.578,52.461,51.242,69.755,61.127,56.146,49.611,57.407,62.254,72.425,58.21,68.741,57.183,59.578,61.353,52.989,50.535,63.702,62.197,44.681,61.473,59.863,62.664,66.806,71.197,63.099,52.31,51.479,61.562,62.008,55.227,35.196,55.369,57.949,58.927,57.351,73.808,41.884,66.886,52.856,49.047,70.819,51.423,67.134,66.692,61.458,61.691,45.422,33.354,71.927,57.332,49.179,50.522,36.044,59.194,65.591,60.451,67.524,70.494,46.164,66.615,75.15,59.327,70.305,46.504,37.426,54.772,45.164,39.364,46.206,41.372,54.254,38.493,59.731,46.643,56.107,39.477,50.012,69.364,65.767,91.353,57.074
MCH-110,L,303.33,313.3,1627,49.51,1,0,no_failure,50.566,42.43,58.459,39.086,61.408,61.307,64.569,54.696,67.995,61.026,60.05,42.733,52.632,80.539,63.153,57.268,49.623,37.772,38.797,60.531,55.323,60.629,59.973,55.192,52.965,58.987,55.765,82.016,65.664,61.318,48.14,77.662,77.965,55.485,45.576,59.677,41.383,59.718,71.017,38.825,59.396,57.331,73.814,44.463,61.736,66.88,53.084,64.649,66.224,79.165,57.168,34.232,51.216,49.483,52.03,56.908,39.531,60.39,65.835,48.337,51.573,69.46,63.745,49.744,87.599,68.403,62.562,45.164,53.517,50.446,43.503,56.446,66.346,59.138,67.403,71.519,77.147,64.758,49.929,69.304,69.432,79.429,77.272,61.864,47.609,39.584,64.405,41.684,54.917,50.705,48.018,50.952,51.498,50.446,53.449,71.014,52.972,73.159,68.822,59.391,61.387,47.87
MCH-111,M,299.73,309.16,1530,30.96,77,0,no_failure,45.956,55.835,28.966,61.297,52.631,38.878,77.37,51.951,26.691,51.362,52.286,65.755,62.027,73.47,60.642,81.114,56.751,62.693,55.62,49.19,60.526,64.38,56.086,28.049,43.2,62.359,61.634,58.245,61.963,66.398,51.888,73.738,67.38,82.316,50.454,62.447,59.494,60.321,33.693,55.342,58.356,62.316,49.895,49.544,71.252,64.869,67.959,74.33,56.743,73.367,41.96,61.884,56.228,33.644,60.736,59.375,50.207,64.215,48.99,58.796,61.147,71.32,58.558,66.952,74.569,72.406,84.264,73.006,37.865,68.463,50.134,54.091,51.504,48.946,57.248,44.188,77.126,51.049,63.968,61.115,52.214,40.799,45.888,72.047,49.617,56.198,57.653,58.979,66.678,51.008,57.528,52.888,51.725,66.817,78.396,54.829,41.189,58.602,57.872,68.474,55.884,40.507
